Modelo,Pooling,Nhid,MR,CR,SUBJ,MPQA,SST2,SST5,TREC,MRPC
microsoft/deberta-v3-base,_cls-1,0,"{'devacc': np.float64(54.11), 'acc': np.float64(52.74), 'ndev': 10662, 'ntest': 10662}","{'devacc': np.float64(63.76), 'acc': np.float64(63.76), 'ndev': 3775, 'ntest': 3775}","{'devacc': np.float64(58.84), 'acc': np.float64(57.52), 'ndev': 10000, 'ntest': 10000}","{'devacc': np.float64(68.77), 'acc': np.float64(68.77), 'ndev': 10606, 'ntest': 10606}","{'devacc': np.float64(58.26), 'acc': 57.94, 'ndev': 872, 'ntest': 1821}","{'devacc': np.float64(28.34), 'acc': 27.19, 'ndev': 1101, 'ntest': 2210}","{'devacc': np.float64(39.12), 'acc': 41.4, 'ndev': 5452, 'ntest': 500}","{'devacc': np.float64(67.54), 'acc': 66.49, 'f1': 79.87, 'ndev': 4076, 'ntest': 1725}"
microsoft/deberta-v3-base,_mean-1,0,"{'devacc': np.float64(76.39), 'acc': np.float64(75.61), 'ndev': 10662, 'ntest': 10662}","{'devacc': np.float64(77.07), 'acc': np.float64(72.53), 'ndev': 3775, 'ntest': 3775}","{'devacc': np.float64(91.18), 'acc': np.float64(90.35), 'ndev': 10000, 'ntest': 10000}","{'devacc': np.float64(89.34), 'acc': np.float64(89.12), 'ndev': 10606, 'ntest': 10606}","{'devacc': np.float64(82.91), 'acc': 82.1, 'ndev': 872, 'ntest': 1821}","{'devacc': np.float64(42.69), 'acc': 42.99, 'ndev': 1101, 'ntest': 2210}","{'devacc': np.float64(80.43), 'acc': 83.4, 'ndev': 5452, 'ntest': 500}","{'devacc': np.float64(72.35), 'acc': 74.26, 'f1': 82.98, 'ndev': 4076, 'ntest': 1725}"
microsoft/deberta-v3-base,_mean_exclude_cls_sep-1,0,"{'devacc': np.float64(76.44), 'acc': np.float64(75.46), 'ndev': 10662, 'ntest': 10662}","{'devacc': np.float64(76.84), 'acc': np.float64(74.97), 'ndev': 3775, 'ntest': 3775}","{'devacc': np.float64(91.31), 'acc': np.float64(90.79), 'ndev': 10000, 'ntest': 10000}","{'devacc': np.float64(89.26), 'acc': np.float64(88.84), 'ndev': 10606, 'ntest': 10606}","{'devacc': np.float64(82.57), 'acc': 81.0, 'ndev': 872, 'ntest': 1821}","{'devacc': np.float64(42.96), 'acc': 42.22, 'ndev': 1101, 'ntest': 2210}","{'devacc': np.float64(80.83), 'acc': 82.6, 'ndev': 5452, 'ntest': 500}","{'devacc': np.float64(73.16), 'acc': 73.33, 'f1': 82.54, 'ndev': 4076, 'ntest': 1725}"
microsoft/deberta-v3-base,_concat_cls_with_mean-1,0,"{'devacc': np.float64(76.3), 'acc': np.float64(74.85), 'ndev': 10662, 'ntest': 10662}","{'devacc': np.float64(76.87), 'acc': np.float64(75.23), 'ndev': 3775, 'ntest': 3775}","{'devacc': np.float64(91.04), 'acc': np.float64(90.32), 'ndev': 10000, 'ntest': 10000}","{'devacc': np.float64(89.11), 'acc': np.float64(88.97), 'ndev': 10606, 'ntest': 10606}","{'devacc': np.float64(82.57), 'acc': 81.82, 'ndev': 872, 'ntest': 1821}","{'devacc': np.float64(43.87), 'acc': 43.17, 'ndev': 1101, 'ntest': 2210}","{'devacc': np.float64(79.95), 'acc': 81.8, 'ndev': 5452, 'ntest': 500}","{'devacc': np.float64(71.07), 'acc': 72.17, 'f1': 82.12, 'ndev': 4076, 'ntest': 1725}"
microsoft/deberta-v3-base,_concat_cls_with_mean_exclude_cls_sep-1,0,"{'devacc': np.float64(76.32), 'acc': np.float64(75.99), 'ndev': 10662, 'ntest': 10662}","{'devacc': np.float64(77.53), 'acc': np.float64(76.5), 'ndev': 3775, 'ntest': 3775}","{'devacc': np.float64(91.11), 'acc': np.float64(90.27), 'ndev': 10000, 'ntest': 10000}","{'devacc': np.float64(89.12), 'acc': np.float64(88.8), 'ndev': 10606, 'ntest': 10606}","{'devacc': np.float64(82.8), 'acc': 81.71, 'ndev': 872, 'ntest': 1821}","{'devacc': np.float64(43.78), 'acc': 43.3, 'ndev': 1101, 'ntest': 2210}","{'devacc': np.float64(80.43), 'acc': 83.2, 'ndev': 5452, 'ntest': 500}","{'devacc': np.float64(72.69), 'acc': 72.93, 'f1': 82.34, 'ndev': 4076, 'ntest': 1725}"
microsoft/deberta-v3-base,_concat_mean_3_tokens-1,0,"{'devacc': np.float64(76.49), 'acc': np.float64(75.94), 'ndev': 10662, 'ntest': 10662}","{'devacc': np.float64(79.13), 'acc': np.float64(78.68), 'ndev': 3775, 'ntest': 3775}","{'devacc': np.float64(92.18), 'acc': np.float64(91.74), 'ndev': 10000, 'ntest': 10000}","{'devacc': np.float64(88.79), 'acc': np.float64(88.65), 'ndev': 10606, 'ntest': 10606}","{'devacc': np.float64(80.28), 'acc': 80.23, 'ndev': 872, 'ntest': 1821}","{'devacc': np.float64(44.14), 'acc': 42.71, 'ndev': 1101, 'ntest': 2210}","{'devacc': np.float64(84.37), 'acc': 64.4, 'ndev': 5452, 'ntest': 500}","{'devacc': np.float64(71.05), 'acc': 67.94, 'f1': 77.33, 'ndev': 4076, 'ntest': 1725}"
microsoft/deberta-v3-base,_concat_mean_3_tokens_exclude_cls_and_sep-1,0,"{'devacc': np.float64(76.52), 'acc': np.float64(76.26), 'ndev': 10662, 'ntest': 10662}","{'devacc': np.float64(79.51), 'acc': np.float64(77.67), 'ndev': 3775, 'ntest': 3775}","{'devacc': np.float64(92.14), 'acc': np.float64(91.77), 'ndev': 10000, 'ntest': 10000}","{'devacc': np.float64(68.77), 'acc': np.float64(68.77), 'ndev': 10606, 'ntest': 10606}","{'devacc': np.float64(80.62), 'acc': 80.4, 'ndev': 872, 'ntest': 1821}","{'devacc': np.float64(44.69), 'acc': 42.67, 'ndev': 1101, 'ntest': 2210}","{'devacc': np.float64(84.87), 'acc': 85.6, 'ndev': 5452, 'ntest': 500}","{'devacc': np.float64(71.76), 'acc': 66.9, 'f1': 76.02, 'ndev': 4076, 'ntest': 1725}"
microsoft/deberta-v3-base,_concat_mean_5_tokens-1,0,"{'devacc': np.float64(76.0), 'acc': np.float64(75.85), 'ndev': 10662, 'ntest': 10662}","{'devacc': np.float64(78.98), 'acc': np.float64(78.81), 'ndev': 3775, 'ntest': 3775}","{'devacc': np.float64(92.45), 'acc': np.float64(91.94), 'ndev': 10000, 'ntest': 10000}","{'devacc': np.float64(68.77), 'acc': np.float64(68.77), 'ndev': 10606, 'ntest': 10606}","{'devacc': np.float64(80.05), 'acc': 79.96, 'ndev': 872, 'ntest': 1821}","{'devacc': np.float64(42.42), 'acc': 42.49, 'ndev': 1101, 'ntest': 2210}","{'devacc': np.float64(85.18), 'acc': 60.6, 'ndev': 5452, 'ntest': 500}","{'devacc': np.float64(70.93), 'acc': 62.03, 'f1': 70.54, 'ndev': 4076, 'ntest': 1725}"
microsoft/deberta-v3-base,_concat_mean_5_tokens_exclude_cls_and_sep-1,0,"{'devacc': np.float64(76.12), 'acc': np.float64(75.56), 'ndev': 10662, 'ntest': 10662}","{'devacc': np.float64(78.92), 'acc': np.float64(77.38), 'ndev': 3775, 'ntest': 3775}","{'devacc': np.float64(92.41), 'acc': np.float64(92.23), 'ndev': 10000, 'ntest': 10000}","{'devacc': np.float64(68.77), 'acc': np.float64(68.77), 'ndev': 10606, 'ntest': 10606}","{'devacc': np.float64(49.08), 'acc': 50.08, 'ndev': 872, 'ntest': 1821}","{'devacc': np.float64(42.69), 'acc': 41.63, 'ndev': 1101, 'ntest': 2210}","{'devacc': np.float64(85.09), 'acc': 86.6, 'ndev': 5452, 'ntest': 500}","{'devacc': np.float64(71.59), 'acc': 67.71, 'f1': 80.37, 'ndev': 4076, 'ntest': 1725}"
microsoft/deberta-v3-base,_cls-2,0,"{'devacc': np.float64(54.52), 'acc': np.float64(53.21), 'ndev': 10662, 'ntest': 10662}","{'devacc': np.float64(63.76), 'acc': np.float64(63.76), 'ndev': 3775, 'ntest': 3775}","{'devacc': np.float64(57.04), 'acc': np.float64(56.03), 'ndev': 10000, 'ntest': 10000}","{'devacc': np.float64(68.77), 'acc': np.float64(68.77), 'ndev': 10606, 'ntest': 10606}","{'devacc': np.float64(55.39), 'acc': 55.41, 'ndev': 872, 'ntest': 1821}","{'devacc': np.float64(26.25), 'acc': 28.64, 'ndev': 1101, 'ntest': 2210}","{'devacc': np.float64(26.47), 'acc': 32.0, 'ndev': 5452, 'ntest': 500}","{'devacc': np.float64(67.54), 'acc': 66.49, 'f1': 79.87, 'ndev': 4076, 'ntest': 1725}"
microsoft/deberta-v3-base,_mean-2,0,"{'devacc': np.float64(76.92), 'acc': np.float64(75.92), 'ndev': 10662, 'ntest': 10662}","{'devacc': np.float64(76.27), 'acc': np.float64(74.09), 'ndev': 3775, 'ntest': 3775}","{'devacc': np.float64(91.65), 'acc': np.float64(90.68), 'ndev': 10000, 'ntest': 10000}","{'devacc': np.float64(89.45), 'acc': np.float64(88.83), 'ndev': 10606, 'ntest': 10606}","{'devacc': np.float64(82.91), 'acc': 81.99, 'ndev': 872, 'ntest': 1821}","{'devacc': np.float64(45.41), 'acc': 44.12, 'ndev': 1101, 'ntest': 2210}","{'devacc': np.float64(79.81), 'acc': 86.4, 'ndev': 5452, 'ntest': 500}","{'devacc': np.float64(72.6), 'acc': 72.93, 'f1': 82.05, 'ndev': 4076, 'ntest': 1725}"
microsoft/deberta-v3-base,_mean_exclude_cls_sep-2,0,"{'devacc': np.float64(76.99), 'acc': np.float64(76.01), 'ndev': 10662, 'ntest': 10662}","{'devacc': np.float64(76.64), 'acc': np.float64(74.6), 'ndev': 3775, 'ntest': 3775}","{'devacc': np.float64(91.86), 'acc': np.float64(91.11), 'ndev': 10000, 'ntest': 10000}","{'devacc': np.float64(89.39), 'acc': np.float64(89.01), 'ndev': 10606, 'ntest': 10606}","{'devacc': np.float64(82.68), 'acc': 81.82, 'ndev': 872, 'ntest': 1821}","{'devacc': np.float64(45.41), 'acc': 44.25, 'ndev': 1101, 'ntest': 2210}","{'devacc': np.float64(80.45), 'acc': 84.6, 'ndev': 5452, 'ntest': 500}","{'devacc': np.float64(73.41), 'acc': 72.87, 'f1': 82.06, 'ndev': 4076, 'ntest': 1725}"
microsoft/deberta-v3-base,_concat_cls_with_mean-2,0,"{'devacc': np.float64(76.88), 'acc': np.float64(76.57), 'ndev': 10662, 'ntest': 10662}","{'devacc': np.float64(77.35), 'acc': np.float64(74.73), 'ndev': 3775, 'ntest': 3775}","{'devacc': np.float64(91.63), 'acc': np.float64(90.96), 'ndev': 10000, 'ntest': 10000}","{'devacc': np.float64(89.5), 'acc': np.float64(89.0), 'ndev': 10606, 'ntest': 10606}","{'devacc': np.float64(82.68), 'acc': 82.1, 'ndev': 872, 'ntest': 1821}","{'devacc': np.float64(44.41), 'acc': 44.39, 'ndev': 1101, 'ntest': 2210}","{'devacc': np.float64(80.25), 'acc': 81.4, 'ndev': 5452, 'ntest': 500}","{'devacc': np.float64(73.28), 'acc': 73.04, 'f1': 82.19, 'ndev': 4076, 'ntest': 1725}"
microsoft/deberta-v3-base,_concat_cls_with_mean_exclude_cls_sep-2,0,"{'devacc': np.float64(76.97), 'acc': np.float64(75.95), 'ndev': 10662, 'ntest': 10662}","{'devacc': np.float64(78.16), 'acc': np.float64(75.87), 'ndev': 3775, 'ntest': 3775}","{'devacc': np.float64(91.79), 'acc': np.float64(90.85), 'ndev': 10000, 'ntest': 10000}","{'devacc': np.float64(89.38), 'acc': np.float64(89.02), 'ndev': 10606, 'ntest': 10606}","{'devacc': np.float64(82.45), 'acc': 81.66, 'ndev': 872, 'ntest': 1821}","{'devacc': np.float64(44.5), 'acc': 43.8, 'ndev': 1101, 'ntest': 2210}","{'devacc': np.float64(80.41), 'acc': 85.6, 'ndev': 5452, 'ntest': 500}","{'devacc': np.float64(73.45), 'acc': 73.04, 'f1': 81.96, 'ndev': 4076, 'ntest': 1725}"
microsoft/deberta-v3-base,_concat_mean_3_tokens-2,0,"{'devacc': np.float64(77.25), 'acc': np.float64(76.63), 'ndev': 10662, 'ntest': 10662}","{'devacc': np.float64(79.99), 'acc': np.float64(78.73), 'ndev': 3775, 'ntest': 3775}","{'devacc': np.float64(92.78), 'acc': np.float64(92.13), 'ndev': 10000, 'ntest': 10000}","{'devacc': np.float64(89.0), 'acc': np.float64(88.49), 'ndev': 10606, 'ntest': 10606}","{'devacc': np.float64(80.62), 'acc': 80.45, 'ndev': 872, 'ntest': 1821}","{'devacc': np.float64(45.96), 'acc': 43.08, 'ndev': 1101, 'ntest': 2210}","{'devacc': np.float64(85.03), 'acc': 65.6, 'ndev': 5452, 'ntest': 500}","{'devacc': np.float64(71.05), 'acc': 68.12, 'f1': 78.4, 'ndev': 4076, 'ntest': 1725}"
microsoft/deberta-v3-base,_concat_mean_3_tokens_exclude_cls_and_sep-2,0,"{'devacc': np.float64(77.34), 'acc': np.float64(76.62), 'ndev': 10662, 'ntest': 10662}","{'devacc': np.float64(80.23), 'acc': np.float64(78.73), 'ndev': 3775, 'ntest': 3775}","{'devacc': np.float64(92.77), 'acc': np.float64(92.39), 'ndev': 10000, 'ntest': 10000}","{'devacc': np.float64(68.77), 'acc': np.float64(68.77), 'ndev': 10606, 'ntest': 10606}","{'devacc': np.float64(80.85), 'acc': 81.05, 'ndev': 872, 'ntest': 1821}","{'devacc': np.float64(44.78), 'acc': 42.44, 'ndev': 1101, 'ntest': 2210}","{'devacc': np.float64(85.73), 'acc': 86.8, 'ndev': 5452, 'ntest': 500}","{'devacc': np.float64(70.76), 'acc': 67.07, 'f1': 77.19, 'ndev': 4076, 'ntest': 1725}"
microsoft/deberta-v3-base,_concat_mean_5_tokens-2,0,"{'devacc': np.float64(77.06), 'acc': np.float64(76.51), 'ndev': 10662, 'ntest': 10662}","{'devacc': np.float64(80.2), 'acc': np.float64(79.05), 'ndev': 3775, 'ntest': 3775}","{'devacc': np.float64(92.99), 'acc': np.float64(92.9), 'ndev': 10000, 'ntest': 10000}","{'devacc': np.float64(68.77), 'acc': np.float64(68.77), 'ndev': 10606, 'ntest': 10606}","{'devacc': np.float64(80.39), 'acc': 80.07, 'ndev': 872, 'ntest': 1821}","{'devacc': np.float64(42.96), 'acc': 42.08, 'ndev': 1101, 'ntest': 2210}","{'devacc': np.float64(85.66), 'acc': 66.0, 'ndev': 5452, 'ntest': 500}","{'devacc': np.float64(70.71), 'acc': 62.78, 'f1': 71.18, 'ndev': 4076, 'ntest': 1725}"
microsoft/deberta-v3-base,_concat_mean_5_tokens_exclude_cls_and_sep-2,0,"{'devacc': np.float64(77.24), 'acc': np.float64(76.43), 'ndev': 10662, 'ntest': 10662}","{'devacc': np.float64(80.15), 'acc': np.float64(78.89), 'ndev': 3775, 'ntest': 3775}","{'devacc': np.float64(93.11), 'acc': np.float64(92.56), 'ndev': 10000, 'ntest': 10000}","{'devacc': np.float64(68.77), 'acc': np.float64(68.77), 'ndev': 10606, 'ntest': 10606}","{'devacc': np.float64(49.08), 'acc': 50.08, 'ndev': 872, 'ntest': 1821}","{'devacc': np.float64(43.69), 'acc': 42.04, 'ndev': 1101, 'ntest': 2210}","{'devacc': np.float64(85.58), 'acc': 89.4, 'ndev': 5452, 'ntest': 500}","{'devacc': np.float64(71.07), 'acc': 68.64, 'f1': 78.64, 'ndev': 4076, 'ntest': 1725}"
microsoft/deberta-v3-base,_cls-3,0,"{'devacc': np.float64(58.63), 'acc': np.float64(56.49), 'ndev': 10662, 'ntest': 10662}","{'devacc': np.float64(63.76), 'acc': np.float64(63.76), 'ndev': 3775, 'ntest': 3775}","{'devacc': np.float64(65.84), 'acc': np.float64(59.89), 'ndev': 10000, 'ntest': 10000}","{'devacc': np.float64(68.77), 'acc': np.float64(68.77), 'ndev': 10606, 'ntest': 10606}","{'devacc': np.float64(64.45), 'acc': 63.98, 'ndev': 872, 'ntest': 1821}","{'devacc': np.float64(29.16), 'acc': 26.61, 'ndev': 1101, 'ntest': 2210}","{'devacc': np.float64(40.0), 'acc': 37.4, 'ndev': 5452, 'ntest': 500}","{'devacc': np.float64(67.54), 'acc': 66.49, 'f1': 79.87, 'ndev': 4076, 'ntest': 1725}"
microsoft/deberta-v3-base,_mean-3,0,"{'devacc': np.float64(78.41), 'acc': np.float64(77.68), 'ndev': 10662, 'ntest': 10662}","{'devacc': np.float64(78.26), 'acc': np.float64(76.42), 'ndev': 3775, 'ntest': 3775}","{'devacc': np.float64(92.51), 'acc': np.float64(91.75), 'ndev': 10000, 'ntest': 10000}","{'devacc': np.float64(89.35), 'acc': np.float64(88.52), 'ndev': 10606, 'ntest': 10606}","{'devacc': np.float64(84.75), 'acc': 84.35, 'ndev': 872, 'ntest': 1821}","{'devacc': np.float64(44.41), 'acc': 44.48, 'ndev': 1101, 'ntest': 2210}","{'devacc': np.float64(80.65), 'acc': 88.0, 'ndev': 5452, 'ntest': 500}","{'devacc': np.float64(73.33), 'acc': 71.94, 'f1': 81.57, 'ndev': 4076, 'ntest': 1725}"
microsoft/deberta-v3-base,_mean_exclude_cls_sep-3,0,"{'devacc': np.float64(78.55), 'acc': np.float64(77.72), 'ndev': 10662, 'ntest': 10662}","{'devacc': np.float64(78.44), 'acc': np.float64(77.38), 'ndev': 3775, 'ntest': 3775}","{'devacc': np.float64(92.7), 'acc': np.float64(91.8), 'ndev': 10000, 'ntest': 10000}","{'devacc': np.float64(89.59), 'acc': np.float64(89.38), 'ndev': 10606, 'ntest': 10606}","{'devacc': np.float64(84.06), 'acc': 84.13, 'ndev': 872, 'ntest': 1821}","{'devacc': np.float64(44.41), 'acc': 44.84, 'ndev': 1101, 'ntest': 2210}","{'devacc': np.float64(81.66), 'acc': 89.2, 'ndev': 5452, 'ntest': 500}","{'devacc': np.float64(73.82), 'acc': 73.16, 'f1': 82.13, 'ndev': 4076, 'ntest': 1725}"
microsoft/deberta-v3-base,_concat_cls_with_mean-3,0,"{'devacc': np.float64(78.5), 'acc': np.float64(78.23), 'ndev': 10662, 'ntest': 10662}","{'devacc': np.float64(78.56), 'acc': np.float64(76.24), 'ndev': 3775, 'ntest': 3775}","{'devacc': np.float64(92.61), 'acc': np.float64(91.75), 'ndev': 10000, 'ntest': 10000}","{'devacc': np.float64(89.27), 'acc': np.float64(88.71), 'ndev': 10606, 'ntest': 10606}","{'devacc': np.float64(84.75), 'acc': 84.18, 'ndev': 872, 'ntest': 1821}","{'devacc': np.float64(44.78), 'acc': 44.66, 'ndev': 1101, 'ntest': 2210}","{'devacc': np.float64(81.27), 'acc': 87.2, 'ndev': 5452, 'ntest': 500}","{'devacc': np.float64(73.38), 'acc': 73.1, 'f1': 82.15, 'ndev': 4076, 'ntest': 1725}"
microsoft/deberta-v3-base,_concat_cls_with_mean_exclude_cls_sep-3,0,"{'devacc': np.float64(78.5), 'acc': np.float64(77.98), 'ndev': 10662, 'ntest': 10662}","{'devacc': np.float64(79.24), 'acc': np.float64(77.48), 'ndev': 3775, 'ntest': 3775}","{'devacc': np.float64(92.7), 'acc': np.float64(91.94), 'ndev': 10000, 'ntest': 10000}","{'devacc': np.float64(89.58), 'acc': np.float64(89.06), 'ndev': 10606, 'ntest': 10606}","{'devacc': np.float64(84.17), 'acc': 84.62, 'ndev': 872, 'ntest': 1821}","{'devacc': np.float64(44.78), 'acc': 44.71, 'ndev': 1101, 'ntest': 2210}","{'devacc': np.float64(81.8), 'acc': 87.0, 'ndev': 5452, 'ntest': 500}","{'devacc': np.float64(73.67), 'acc': 73.28, 'f1': 82.07, 'ndev': 4076, 'ntest': 1725}"
microsoft/deberta-v3-base,_concat_mean_3_tokens-3,0,"{'devacc': np.float64(79.0), 'acc': np.float64(78.12), 'ndev': 10662, 'ntest': 10662}","{'devacc': np.float64(80.83), 'acc': np.float64(78.44), 'ndev': 3775, 'ntest': 3775}","{'devacc': np.float64(93.56), 'acc': np.float64(93.17), 'ndev': 10000, 'ntest': 10000}","{'devacc': np.float64(89.27), 'acc': np.float64(88.75), 'ndev': 10606, 'ntest': 10606}","{'devacc': np.float64(82.22), 'acc': 82.65, 'ndev': 872, 'ntest': 1821}","{'devacc': np.float64(45.41), 'acc': 44.03, 'ndev': 1101, 'ntest': 2210}","{'devacc': np.float64(85.91), 'acc': 72.4, 'ndev': 5452, 'ntest': 500}","{'devacc': np.float64(70.71), 'acc': 67.83, 'f1': 77.59, 'ndev': 4076, 'ntest': 1725}"
microsoft/deberta-v3-base,_concat_mean_3_tokens_exclude_cls_and_sep-3,0,"{'devacc': np.float64(78.86), 'acc': np.float64(78.27), 'ndev': 10662, 'ntest': 10662}","{'devacc': np.float64(80.58), 'acc': np.float64(79.15), 'ndev': 3775, 'ntest': 3775}","{'devacc': np.float64(93.5), 'acc': np.float64(93.05), 'ndev': 10000, 'ntest': 10000}","{'devacc': np.float64(68.77), 'acc': np.float64(68.77), 'ndev': 10606, 'ntest': 10606}","{'devacc': np.float64(81.42), 'acc': 82.15, 'ndev': 872, 'ntest': 1821}","{'devacc': np.float64(45.05), 'acc': 44.34, 'ndev': 1101, 'ntest': 2210}","{'devacc': np.float64(86.7), 'acc': 88.8, 'ndev': 5452, 'ntest': 500}","{'devacc': np.float64(70.63), 'acc': 67.36, 'f1': 76.37, 'ndev': 4076, 'ntest': 1725}"
microsoft/deberta-v3-base,_concat_mean_5_tokens-3,0,"{'devacc': np.float64(78.78), 'acc': np.float64(78.26), 'ndev': 10662, 'ntest': 10662}","{'devacc': np.float64(81.13), 'acc': np.float64(80.13), 'ndev': 3775, 'ntest': 3775}","{'devacc': np.float64(93.79), 'acc': np.float64(93.27), 'ndev': 10000, 'ntest': 10000}","{'devacc': np.float64(68.77), 'acc': np.float64(68.77), 'ndev': 10606, 'ntest': 10606}","{'devacc': np.float64(82.68), 'acc': 81.71, 'ndev': 872, 'ntest': 1821}","{'devacc': np.float64(45.78), 'acc': 44.34, 'ndev': 1101, 'ntest': 2210}","{'devacc': np.float64(86.59), 'acc': 72.2, 'ndev': 5452, 'ntest': 500}","{'devacc': np.float64(70.81), 'acc': 62.43, 'f1': 71.02, 'ndev': 4076, 'ntest': 1725}"
microsoft/deberta-v3-base,_concat_mean_5_tokens_exclude_cls_and_sep-3,0,"{'devacc': np.float64(78.77), 'acc': np.float64(78.17), 'ndev': 10662, 'ntest': 10662}","{'devacc': np.float64(81.1), 'acc': np.float64(79.39), 'ndev': 3775, 'ntest': 3775}","{'devacc': np.float64(93.8), 'acc': np.float64(93.46), 'ndev': 10000, 'ntest': 10000}","{'devacc': np.float64(68.77), 'acc': np.float64(68.77), 'ndev': 10606, 'ntest': 10606}","{'devacc': np.float64(49.08), 'acc': 50.08, 'ndev': 872, 'ntest': 1821}","{'devacc': np.float64(45.69), 'acc': 44.52, 'ndev': 1101, 'ntest': 2210}","{'devacc': np.float64(86.78), 'acc': 90.6, 'ndev': 5452, 'ntest': 500}","{'devacc': np.float64(71.37), 'acc': 67.88, 'f1': 78.39, 'ndev': 4076, 'ntest': 1725}"
microsoft/deberta-v3-base,_cls-4,0,"{'devacc': np.float64(52.25), 'acc': np.float64(50.59), 'ndev': 10662, 'ntest': 10662}","{'devacc': np.float64(63.76), 'acc': np.float64(63.76), 'ndev': 3775, 'ntest': 3775}","{'devacc': np.float64(57.38), 'acc': np.float64(57.43), 'ndev': 10000, 'ntest': 10000}","{'devacc': np.float64(68.77), 'acc': np.float64(68.77), 'ndev': 10606, 'ntest': 10606}","{'devacc': np.float64(50.92), 'acc': 49.92, 'ndev': 872, 'ntest': 1821}","{'devacc': np.float64(26.25), 'acc': 28.64, 'ndev': 1101, 'ntest': 2210}","{'devacc': np.float64(23.68), 'acc': 18.8, 'ndev': 5452, 'ntest': 500}","{'devacc': np.float64(67.54), 'acc': 66.49, 'f1': 79.87, 'ndev': 4076, 'ntest': 1725}"
microsoft/deberta-v3-base,_mean-4,0,"{'devacc': np.float64(80.06), 'acc': np.float64(79.28), 'ndev': 10662, 'ntest': 10662}","{'devacc': np.float64(80.22), 'acc': np.float64(78.12), 'ndev': 3775, 'ntest': 3775}","{'devacc': np.float64(93.33), 'acc': np.float64(92.32), 'ndev': 10000, 'ntest': 10000}","{'devacc': np.float64(89.98), 'acc': np.float64(89.27), 'ndev': 10606, 'ntest': 10606}","{'devacc': np.float64(86.12), 'acc': 85.34, 'ndev': 872, 'ntest': 1821}","{'devacc': np.float64(45.87), 'acc': 44.25, 'ndev': 1101, 'ntest': 2210}","{'devacc': np.float64(82.72), 'acc': 89.8, 'ndev': 5452, 'ntest': 500}","{'devacc': np.float64(74.09), 'acc': 71.77, 'f1': 81.68, 'ndev': 4076, 'ntest': 1725}"
microsoft/deberta-v3-base,_mean_exclude_cls_sep-4,0,"{'devacc': np.float64(80.2), 'acc': np.float64(79.24), 'ndev': 10662, 'ntest': 10662}","{'devacc': np.float64(80.51), 'acc': np.float64(78.81), 'ndev': 3775, 'ntest': 3775}","{'devacc': np.float64(93.43), 'acc': np.float64(92.5), 'ndev': 10000, 'ntest': 10000}","{'devacc': np.float64(90.19), 'acc': np.float64(89.36), 'ndev': 10606, 'ntest': 10606}","{'devacc': np.float64(85.78), 'acc': 85.5, 'ndev': 872, 'ntest': 1821}","{'devacc': np.float64(45.87), 'acc': 45.2, 'ndev': 1101, 'ntest': 2210}","{'devacc': np.float64(83.51), 'acc': 90.2, 'ndev': 5452, 'ntest': 500}","{'devacc': np.float64(74.26), 'acc': 73.68, 'f1': 82.24, 'ndev': 4076, 'ntest': 1725}"
microsoft/deberta-v3-base,_concat_cls_with_mean-4,0,"{'devacc': np.float64(79.98), 'acc': np.float64(79.51), 'ndev': 10662, 'ntest': 10662}","{'devacc': np.float64(80.83), 'acc': np.float64(77.11), 'ndev': 3775, 'ntest': 3775}","{'devacc': np.float64(93.37), 'acc': np.float64(91.28), 'ndev': 10000, 'ntest': 10000}","{'devacc': np.float64(90.0), 'acc': np.float64(89.36), 'ndev': 10606, 'ntest': 10606}","{'devacc': np.float64(86.24), 'acc': 85.5, 'ndev': 872, 'ntest': 1821}","{'devacc': np.float64(46.32), 'acc': 45.16, 'ndev': 1101, 'ntest': 2210}","{'devacc': np.float64(82.59), 'acc': 90.2, 'ndev': 5452, 'ntest': 500}","{'devacc': np.float64(73.55), 'acc': 72.93, 'f1': 82.29, 'ndev': 4076, 'ntest': 1725}"
microsoft/deberta-v3-base,_concat_cls_with_mean_exclude_cls_sep-4,0,"{'devacc': np.float64(80.01), 'acc': np.float64(79.66), 'ndev': 10662, 'ntest': 10662}","{'devacc': np.float64(81.85), 'acc': np.float64(80.05), 'ndev': 3775, 'ntest': 3775}","{'devacc': np.float64(93.41), 'acc': np.float64(91.36), 'ndev': 10000, 'ntest': 10000}","{'devacc': np.float64(90.16), 'acc': np.float64(89.6), 'ndev': 10606, 'ntest': 10606}","{'devacc': np.float64(85.89), 'acc': 85.56, 'ndev': 872, 'ntest': 1821}","{'devacc': np.float64(46.05), 'acc': 45.61, 'ndev': 1101, 'ntest': 2210}","{'devacc': np.float64(83.07), 'acc': 90.6, 'ndev': 5452, 'ntest': 500}","{'devacc': np.float64(73.9), 'acc': 74.26, 'f1': 82.51, 'ndev': 4076, 'ntest': 1725}"
microsoft/deberta-v3-base,_concat_mean_3_tokens-4,0,"{'devacc': np.float64(80.33), 'acc': np.float64(79.92), 'ndev': 10662, 'ntest': 10662}","{'devacc': np.float64(83.24), 'acc': np.float64(81.38), 'ndev': 3775, 'ntest': 3775}","{'devacc': np.float64(94.13), 'acc': np.float64(93.71), 'ndev': 10000, 'ntest': 10000}","{'devacc': np.float64(89.85), 'acc': np.float64(89.46), 'ndev': 10606, 'ntest': 10606}","{'devacc': np.float64(84.06), 'acc': 83.8, 'ndev': 872, 'ntest': 1821}","{'devacc': np.float64(46.32), 'acc': 45.2, 'ndev': 1101, 'ntest': 2210}","{'devacc': np.float64(87.51), 'acc': 82.8, 'ndev': 5452, 'ntest': 500}","{'devacc': np.float64(70.85), 'acc': 67.01, 'f1': 76.24, 'ndev': 4076, 'ntest': 1725}"
microsoft/deberta-v3-base,_concat_mean_3_tokens_exclude_cls_and_sep-4,0,"{'devacc': np.float64(80.37), 'acc': np.float64(80.03), 'ndev': 10662, 'ntest': 10662}","{'devacc': np.float64(83.22), 'acc': np.float64(80.9), 'ndev': 3775, 'ntest': 3775}","{'devacc': np.float64(94.09), 'acc': np.float64(93.49), 'ndev': 10000, 'ntest': 10000}","{'devacc': np.float64(68.77), 'acc': np.float64(68.77), 'ndev': 10606, 'ntest': 10606}","{'devacc': np.float64(84.06), 'acc': 83.75, 'ndev': 872, 'ntest': 1821}","{'devacc': np.float64(45.78), 'acc': 44.34, 'ndev': 1101, 'ntest': 2210}","{'devacc': np.float64(87.71), 'acc': 88.8, 'ndev': 5452, 'ntest': 500}","{'devacc': np.float64(70.88), 'acc': 67.36, 'f1': 77.27, 'ndev': 4076, 'ntest': 1725}"
microsoft/deberta-v3-base,_concat_mean_5_tokens-4,0,"{'devacc': np.float64(80.33), 'acc': np.float64(79.81), 'ndev': 10662, 'ntest': 10662}","{'devacc': np.float64(83.42), 'acc': np.float64(82.22), 'ndev': 3775, 'ntest': 3775}","{'devacc': np.float64(94.33), 'acc': np.float64(93.98), 'ndev': 10000, 'ntest': 10000}","{'devacc': np.float64(68.77), 'acc': np.float64(68.77), 'ndev': 10606, 'ntest': 10606}","{'devacc': np.float64(84.29), 'acc': 83.53, 'ndev': 872, 'ntest': 1821}","{'devacc': np.float64(46.23), 'acc': 45.84, 'ndev': 1101, 'ntest': 2210}","{'devacc': np.float64(88.33), 'acc': 79.2, 'ndev': 5452, 'ntest': 500}","{'devacc': np.float64(70.76), 'acc': 66.38, 'f1': 76.17, 'ndev': 4076, 'ntest': 1725}"
microsoft/deberta-v3-base,_concat_mean_5_tokens_exclude_cls_and_sep-4,0,"{'devacc': np.float64(80.51), 'acc': np.float64(80.04), 'ndev': 10662, 'ntest': 10662}","{'devacc': np.float64(83.53), 'acc': np.float64(82.12), 'ndev': 3775, 'ntest': 3775}","{'devacc': np.float64(94.51), 'acc': np.float64(94.3), 'ndev': 10000, 'ntest': 10000}","{'devacc': np.float64(68.77), 'acc': np.float64(68.77), 'ndev': 10606, 'ntest': 10606}","{'devacc': np.float64(49.08), 'acc': 50.08, 'ndev': 872, 'ntest': 1821}","{'devacc': np.float64(45.87), 'acc': 46.2, 'ndev': 1101, 'ntest': 2210}","{'devacc': np.float64(88.0), 'acc': 91.8, 'ndev': 5452, 'ntest': 500}","{'devacc': np.float64(71.44), 'acc': 67.83, 'f1': 76.94, 'ndev': 4076, 'ntest': 1725}"
microsoft/deberta-v3-base,_cls-5,0,"{'devacc': np.float64(55.35), 'acc': np.float64(51.95), 'ndev': 10662, 'ntest': 10662}","{'devacc': np.float64(63.76), 'acc': np.float64(63.76), 'ndev': 3775, 'ntest': 3775}","{'devacc': np.float64(63.51), 'acc': np.float64(66.08), 'ndev': 10000, 'ntest': 10000}","{'devacc': np.float64(68.77), 'acc': np.float64(68.77), 'ndev': 10606, 'ntest': 10606}","{'devacc': np.float64(56.19), 'acc': 59.64, 'ndev': 872, 'ntest': 1821}","{'devacc': np.float64(26.25), 'acc': 28.64, 'ndev': 1101, 'ntest': 2210}","{'devacc': np.float64(23.59), 'acc': 18.8, 'ndev': 5452, 'ntest': 500}","{'devacc': np.float64(67.54), 'acc': 66.49, 'f1': 79.87, 'ndev': 4076, 'ntest': 1725}"
microsoft/deberta-v3-base,_mean-5,0,"{'devacc': np.float64(81.08), 'acc': np.float64(80.14), 'ndev': 10662, 'ntest': 10662}","{'devacc': np.float64(81.66), 'acc': np.float64(79.89), 'ndev': 3775, 'ntest': 3775}","{'devacc': np.float64(93.92), 'acc': np.float64(93.5), 'ndev': 10000, 'ntest': 10000}","{'devacc': np.float64(90.31), 'acc': np.float64(89.98), 'ndev': 10606, 'ntest': 10606}","{'devacc': np.float64(85.78), 'acc': 85.23, 'ndev': 872, 'ntest': 1821}","{'devacc': np.float64(47.05), 'acc': 46.11, 'ndev': 1101, 'ntest': 2210}","{'devacc': np.float64(83.53), 'acc': 92.4, 'ndev': 5452, 'ntest': 500}","{'devacc': np.float64(74.31), 'acc': 73.45, 'f1': 82.45, 'ndev': 4076, 'ntest': 1725}"
microsoft/deberta-v3-base,_mean_exclude_cls_sep-5,0,"{'devacc': np.float64(81.15), 'acc': np.float64(80.31), 'ndev': 10662, 'ntest': 10662}","{'devacc': np.float64(81.45), 'acc': np.float64(79.2), 'ndev': 3775, 'ntest': 3775}","{'devacc': np.float64(93.98), 'acc': np.float64(93.59), 'ndev': 10000, 'ntest': 10000}","{'devacc': np.float64(90.52), 'acc': np.float64(90.18), 'ndev': 10606, 'ntest': 10606}","{'devacc': np.float64(86.35), 'acc': 86.22, 'ndev': 872, 'ntest': 1821}","{'devacc': np.float64(46.87), 'acc': 46.38, 'ndev': 1101, 'ntest': 2210}","{'devacc': np.float64(83.71), 'acc': 91.4, 'ndev': 5452, 'ntest': 500}","{'devacc': np.float64(74.53), 'acc': 74.78, 'f1': 82.84, 'ndev': 4076, 'ntest': 1725}"
microsoft/deberta-v3-base,_concat_cls_with_mean-5,0,"{'devacc': np.float64(80.94), 'acc': np.float64(79.89), 'ndev': 10662, 'ntest': 10662}","{'devacc': np.float64(82.88), 'acc': np.float64(80.16), 'ndev': 3775, 'ntest': 3775}","{'devacc': np.float64(93.92), 'acc': np.float64(93.31), 'ndev': 10000, 'ntest': 10000}","{'devacc': np.float64(90.26), 'acc': np.float64(89.69), 'ndev': 10606, 'ntest': 10606}","{'devacc': np.float64(86.12), 'acc': 85.89, 'ndev': 872, 'ntest': 1821}","{'devacc': np.float64(46.96), 'acc': 46.33, 'ndev': 1101, 'ntest': 2210}","{'devacc': np.float64(83.68), 'acc': 92.2, 'ndev': 5452, 'ntest': 500}","{'devacc': np.float64(74.36), 'acc': 74.67, 'f1': 82.9, 'ndev': 4076, 'ntest': 1725}"
microsoft/deberta-v3-base,_concat_cls_with_mean_exclude_cls_sep-5,0,"{'devacc': np.float64(81.06), 'acc': np.float64(80.28), 'ndev': 10662, 'ntest': 10662}","{'devacc': np.float64(83.54), 'acc': np.float64(80.58), 'ndev': 3775, 'ntest': 3775}","{'devacc': np.float64(93.94), 'acc': np.float64(93.48), 'ndev': 10000, 'ntest': 10000}","{'devacc': np.float64(90.47), 'acc': np.float64(90.19), 'ndev': 10606, 'ntest': 10606}","{'devacc': np.float64(86.24), 'acc': 86.27, 'ndev': 872, 'ntest': 1821}","{'devacc': np.float64(46.87), 'acc': 46.43, 'ndev': 1101, 'ntest': 2210}","{'devacc': np.float64(83.91), 'acc': 92.2, 'ndev': 5452, 'ntest': 500}","{'devacc': np.float64(74.56), 'acc': 74.78, 'f1': 82.96, 'ndev': 4076, 'ntest': 1725}"
microsoft/deberta-v3-base,_concat_mean_3_tokens-5,0,"{'devacc': np.float64(81.41), 'acc': np.float64(80.8), 'ndev': 10662, 'ntest': 10662}","{'devacc': np.float64(84.6), 'acc': np.float64(82.83), 'ndev': 3775, 'ntest': 3775}","{'devacc': np.float64(94.72), 'acc': np.float64(94.27), 'ndev': 10000, 'ntest': 10000}","{'devacc': np.float64(90.35), 'acc': np.float64(90.0), 'ndev': 10606, 'ntest': 10606}","{'devacc': np.float64(84.98), 'acc': 85.23, 'ndev': 872, 'ntest': 1821}","{'devacc': np.float64(47.23), 'acc': 44.34, 'ndev': 1101, 'ntest': 2210}","{'devacc': np.float64(87.97), 'acc': 83.0, 'ndev': 5452, 'ntest': 500}","{'devacc': np.float64(71.05), 'acc': 68.99, 'f1': 78.95, 'ndev': 4076, 'ntest': 1725}"
microsoft/deberta-v3-base,_concat_mean_3_tokens_exclude_cls_and_sep-5,0,"{'devacc': np.float64(81.32), 'acc': np.float64(80.9), 'ndev': 10662, 'ntest': 10662}","{'devacc': np.float64(84.61), 'acc': np.float64(83.63), 'ndev': 3775, 'ntest': 3775}","{'devacc': np.float64(94.7), 'acc': np.float64(94.27), 'ndev': 10000, 'ntest': 10000}","{'devacc': np.float64(68.77), 'acc': np.float64(68.77), 'ndev': 10606, 'ntest': 10606}","{'devacc': np.float64(85.09), 'acc': 85.39, 'ndev': 872, 'ntest': 1821}","{'devacc': np.float64(48.14), 'acc': 46.02, 'ndev': 1101, 'ntest': 2210}","{'devacc': np.float64(88.72), 'acc': 91.6, 'ndev': 5452, 'ntest': 500}","{'devacc': np.float64(70.78), 'acc': 67.19, 'f1': 76.88, 'ndev': 4076, 'ntest': 1725}"
microsoft/deberta-v3-base,_concat_mean_5_tokens-5,0,"{'devacc': np.float64(81.19), 'acc': np.float64(80.65), 'ndev': 10662, 'ntest': 10662}","{'devacc': np.float64(84.97), 'acc': np.float64(84.16), 'ndev': 3775, 'ntest': 3775}","{'devacc': np.float64(94.94), 'acc': np.float64(94.53), 'ndev': 10000, 'ntest': 10000}","{'devacc': np.float64(68.77), 'acc': np.float64(68.77), 'ndev': 10606, 'ntest': 10606}","{'devacc': np.float64(85.32), 'acc': 84.29, 'ndev': 872, 'ntest': 1821}","{'devacc': np.float64(48.68), 'acc': 46.29, 'ndev': 1101, 'ntest': 2210}","{'devacc': np.float64(89.53), 'acc': 84.8, 'ndev': 5452, 'ntest': 500}","{'devacc': np.float64(71.03), 'acc': 67.07, 'f1': 76.7, 'ndev': 4076, 'ntest': 1725}"
microsoft/deberta-v3-base,_concat_mean_5_tokens_exclude_cls_and_sep-5,0,"{'devacc': np.float64(81.36), 'acc': np.float64(80.78), 'ndev': 10662, 'ntest': 10662}","{'devacc': np.float64(84.93), 'acc': np.float64(83.28), 'ndev': 3775, 'ntest': 3775}","{'devacc': np.float64(95.12), 'acc': np.float64(94.88), 'ndev': 10000, 'ntest': 10000}","{'devacc': np.float64(68.77), 'acc': np.float64(68.77), 'ndev': 10606, 'ntest': 10606}","{'devacc': np.float64(49.08), 'acc': 50.08, 'ndev': 872, 'ntest': 1821}","{'devacc': np.float64(46.87), 'acc': 46.61, 'ndev': 1101, 'ntest': 2210}","{'devacc': np.float64(89.38), 'acc': 92.8, 'ndev': 5452, 'ntest': 500}","{'devacc': np.float64(71.22), 'acc': 68.41, 'f1': 77.24, 'ndev': 4076, 'ntest': 1725}"
microsoft/deberta-v3-base,_cls-6,0,"{'devacc': np.float64(51.78), 'acc': np.float64(50.0), 'ndev': 10662, 'ntest': 10662}","{'devacc': np.float64(63.76), 'acc': np.float64(63.76), 'ndev': 3775, 'ntest': 3775}","{'devacc': np.float64(57.18), 'acc': np.float64(61.97), 'ndev': 10000, 'ntest': 10000}","{'devacc': np.float64(68.77), 'acc': np.float64(68.77), 'ndev': 10606, 'ntest': 10606}","{'devacc': np.float64(50.92), 'acc': 49.92, 'ndev': 872, 'ntest': 1821}","{'devacc': np.float64(26.25), 'acc': 28.64, 'ndev': 1101, 'ntest': 2210}","{'devacc': np.float64(23.59), 'acc': 18.8, 'ndev': 5452, 'ntest': 500}","{'devacc': np.float64(67.54), 'acc': 66.49, 'f1': 79.87, 'ndev': 4076, 'ntest': 1725}"
microsoft/deberta-v3-base,_mean-6,0,"{'devacc': np.float64(82.88), 'acc': np.float64(82.05), 'ndev': 10662, 'ntest': 10662}","{'devacc': np.float64(84.48), 'acc': np.float64(82.44), 'ndev': 3775, 'ntest': 3775}","{'devacc': np.float64(94.3), 'acc': np.float64(93.48), 'ndev': 10000, 'ntest': 10000}","{'devacc': np.float64(90.24), 'acc': np.float64(89.88), 'ndev': 10606, 'ntest': 10606}","{'devacc': np.float64(88.19), 'acc': 88.41, 'ndev': 872, 'ntest': 1821}","{'devacc': np.float64(48.59), 'acc': 48.1, 'ndev': 1101, 'ntest': 2210}","{'devacc': np.float64(85.07), 'acc': 92.6, 'ndev': 5452, 'ntest': 500}","{'devacc': np.float64(74.63), 'acc': 75.25, 'f1': 83.21, 'ndev': 4076, 'ntest': 1725}"
microsoft/deberta-v3-base,_mean_exclude_cls_sep-6,0,"{'devacc': np.float64(83.01), 'acc': np.float64(82.24), 'ndev': 10662, 'ntest': 10662}","{'devacc': np.float64(84.79), 'acc': np.float64(82.73), 'ndev': 3775, 'ntest': 3775}","{'devacc': np.float64(94.37), 'acc': np.float64(93.73), 'ndev': 10000, 'ntest': 10000}","{'devacc': np.float64(90.68), 'acc': np.float64(90.48), 'ndev': 10606, 'ntest': 10606}","{'devacc': np.float64(88.3), 'acc': 88.47, 'ndev': 872, 'ntest': 1821}","{'devacc': np.float64(48.86), 'acc': 47.38, 'ndev': 1101, 'ntest': 2210}","{'devacc': np.float64(85.34), 'acc': 92.4, 'ndev': 5452, 'ntest': 500}","{'devacc': np.float64(75.49), 'acc': 75.19, 'f1': 83.08, 'ndev': 4076, 'ntest': 1725}"
microsoft/deberta-v3-base,_concat_cls_with_mean-6,0,"{'devacc': np.float64(82.82), 'acc': np.float64(82.37), 'ndev': 10662, 'ntest': 10662}","{'devacc': np.float64(85.8), 'acc': np.float64(83.2), 'ndev': 3775, 'ntest': 3775}","{'devacc': np.float64(94.31), 'acc': np.float64(93.63), 'ndev': 10000, 'ntest': 10000}","{'devacc': np.float64(90.2), 'acc': np.float64(89.48), 'ndev': 10606, 'ntest': 10606}","{'devacc': np.float64(88.07), 'acc': 88.52, 'ndev': 872, 'ntest': 1821}","{'devacc': np.float64(48.32), 'acc': 48.28, 'ndev': 1101, 'ntest': 2210}","{'devacc': np.float64(84.24), 'acc': 93.0, 'ndev': 5452, 'ntest': 500}","{'devacc': np.float64(75.0), 'acc': 74.78, 'f1': 83.2, 'ndev': 4076, 'ntest': 1725}"
microsoft/deberta-v3-base,_concat_cls_with_mean_exclude_cls_sep-6,0,"{'devacc': np.float64(82.97), 'acc': np.float64(82.43), 'ndev': 10662, 'ntest': 10662}","{'devacc': np.float64(86.2), 'acc': np.float64(83.1), 'ndev': 3775, 'ntest': 3775}","{'devacc': np.float64(94.46), 'acc': np.float64(93.72), 'ndev': 10000, 'ntest': 10000}","{'devacc': np.float64(90.62), 'acc': np.float64(90.33), 'ndev': 10606, 'ntest': 10606}","{'devacc': np.float64(88.19), 'acc': 88.47, 'ndev': 872, 'ntest': 1821}","{'devacc': np.float64(48.68), 'acc': 49.0, 'ndev': 1101, 'ntest': 2210}","{'devacc': np.float64(84.78), 'acc': 93.4, 'ndev': 5452, 'ntest': 500}","{'devacc': np.float64(75.17), 'acc': 75.48, 'f1': 83.21, 'ndev': 4076, 'ntest': 1725}"
microsoft/deberta-v3-base,_concat_mean_3_tokens-6,0,"{'devacc': np.float64(83.1), 'acc': np.float64(82.48), 'ndev': 10662, 'ntest': 10662}","{'devacc': np.float64(86.98), 'acc': np.float64(84.61), 'ndev': 3775, 'ntest': 3775}","{'devacc': np.float64(95.25), 'acc': np.float64(94.3), 'ndev': 10000, 'ntest': 10000}","{'devacc': np.float64(90.61), 'acc': np.float64(89.94), 'ndev': 10606, 'ntest': 10606}","{'devacc': np.float64(86.81), 'acc': 87.26, 'ndev': 872, 'ntest': 1821}","{'devacc': np.float64(49.5), 'acc': 49.23, 'ndev': 1101, 'ntest': 2210}","{'devacc': np.float64(88.74), 'acc': 85.2, 'ndev': 5452, 'ntest': 500}","{'devacc': np.float64(71.69), 'acc': 67.42, 'f1': 77.15, 'ndev': 4076, 'ntest': 1725}"
microsoft/deberta-v3-base,_concat_mean_3_tokens_exclude_cls_and_sep-6,0,"{'devacc': np.float64(83.06), 'acc': np.float64(82.79), 'ndev': 10662, 'ntest': 10662}","{'devacc': np.float64(87.37), 'acc': np.float64(86.41), 'ndev': 3775, 'ntest': 3775}","{'devacc': np.float64(95.16), 'acc': np.float64(94.75), 'ndev': 10000, 'ntest': 10000}","{'devacc': np.float64(68.77), 'acc': np.float64(68.77), 'ndev': 10606, 'ntest': 10606}","{'devacc': np.float64(87.04), 'acc': 87.04, 'ndev': 872, 'ntest': 1821}","{'devacc': np.float64(49.68), 'acc': 48.78, 'ndev': 1101, 'ntest': 2210}","{'devacc': np.float64(89.12), 'acc': 92.0, 'ndev': 5452, 'ntest': 500}","{'devacc': np.float64(71.2), 'acc': 67.42, 'f1': 76.13, 'ndev': 4076, 'ntest': 1725}"
microsoft/deberta-v3-base,_concat_mean_5_tokens-6,0,"{'devacc': np.float64(83.12), 'acc': np.float64(81.6), 'ndev': 10662, 'ntest': 10662}","{'devacc': np.float64(87.65), 'acc': np.float64(86.41), 'ndev': 3775, 'ntest': 3775}","{'devacc': np.float64(95.42), 'acc': np.float64(94.98), 'ndev': 10000, 'ntest': 10000}","{'devacc': np.float64(68.77), 'acc': np.float64(68.77), 'ndev': 10606, 'ntest': 10606}","{'devacc': np.float64(86.47), 'acc': 86.27, 'ndev': 872, 'ntest': 1821}","{'devacc': np.float64(50.23), 'acc': 48.87, 'ndev': 1101, 'ntest': 2210}","{'devacc': np.float64(90.33), 'acc': 86.4, 'ndev': 5452, 'ntest': 500}","{'devacc': np.float64(71.05), 'acc': 66.72, 'f1': 76.4, 'ndev': 4076, 'ntest': 1725}"
microsoft/deberta-v3-base,_concat_mean_5_tokens_exclude_cls_and_sep-6,0,"{'devacc': np.float64(83.09), 'acc': np.float64(82.43), 'ndev': 10662, 'ntest': 10662}","{'devacc': np.float64(87.61), 'acc': np.float64(86.94), 'ndev': 3775, 'ntest': 3775}","{'devacc': np.float64(95.51), 'acc': np.float64(95.08), 'ndev': 10000, 'ntest': 10000}","{'devacc': np.float64(68.77), 'acc': np.float64(68.77), 'ndev': 10606, 'ntest': 10606}","{'devacc': np.float64(49.08), 'acc': 50.08, 'ndev': 872, 'ntest': 1821}","{'devacc': np.float64(48.5), 'acc': 49.19, 'ndev': 1101, 'ntest': 2210}","{'devacc': np.float64(90.0), 'acc': 94.0, 'ndev': 5452, 'ntest': 500}","{'devacc': np.float64(71.27), 'acc': 67.59, 'f1': 78.17, 'ndev': 4076, 'ntest': 1725}"
microsoft/deberta-v3-base,_cls-7,0,"{'devacc': np.float64(51.29), 'acc': np.float64(53.06), 'ndev': 10662, 'ntest': 10662}","{'devacc': np.float64(63.76), 'acc': np.float64(63.76), 'ndev': 3775, 'ntest': 3775}","{'devacc': np.float64(57.16), 'acc': np.float64(55.8), 'ndev': 10000, 'ntest': 10000}","{'devacc': np.float64(68.77), 'acc': np.float64(68.77), 'ndev': 10606, 'ntest': 10606}","{'devacc': np.float64(50.92), 'acc': 49.92, 'ndev': 872, 'ntest': 1821}","{'devacc': np.float64(26.25), 'acc': 28.64, 'ndev': 1101, 'ntest': 2210}","{'devacc': np.float64(23.4), 'acc': 18.8, 'ndev': 5452, 'ntest': 500}","{'devacc': np.float64(67.54), 'acc': 66.49, 'f1': 79.87, 'ndev': 4076, 'ntest': 1725}"
microsoft/deberta-v3-base,_mean-7,0,"{'devacc': np.float64(84.49), 'acc': np.float64(82.99), 'ndev': 10662, 'ntest': 10662}","{'devacc': np.float64(87.46), 'acc': np.float64(82.73), 'ndev': 3775, 'ntest': 3775}","{'devacc': np.float64(94.78), 'acc': np.float64(94.0), 'ndev': 10000, 'ntest': 10000}","{'devacc': np.float64(90.42), 'acc': np.float64(90.25), 'ndev': 10606, 'ntest': 10606}","{'devacc': np.float64(89.91), 'acc': 90.77, 'ndev': 872, 'ntest': 1821}","{'devacc': np.float64(50.59), 'acc': 49.14, 'ndev': 1101, 'ntest': 2210}","{'devacc': np.float64(85.4), 'acc': 92.6, 'ndev': 5452, 'ntest': 500}","{'devacc': np.float64(75.22), 'acc': 75.48, 'f1': 83.55, 'ndev': 4076, 'ntest': 1725}"
microsoft/deberta-v3-base,_mean_exclude_cls_sep-7,0,"{'devacc': np.float64(84.57), 'acc': np.float64(83.36), 'ndev': 10662, 'ntest': 10662}","{'devacc': np.float64(87.32), 'acc': np.float64(84.53), 'ndev': 3775, 'ntest': 3775}","{'devacc': np.float64(94.94), 'acc': np.float64(94.21), 'ndev': 10000, 'ntest': 10000}","{'devacc': np.float64(90.83), 'acc': np.float64(90.43), 'ndev': 10606, 'ntest': 10606}","{'devacc': np.float64(89.68), 'acc': 90.99, 'ndev': 872, 'ntest': 1821}","{'devacc': np.float64(50.32), 'acc': 49.28, 'ndev': 1101, 'ntest': 2210}","{'devacc': np.float64(85.53), 'acc': 93.8, 'ndev': 5452, 'ntest': 500}","{'devacc': np.float64(75.49), 'acc': 75.54, 'f1': 83.2, 'ndev': 4076, 'ntest': 1725}"
microsoft/deberta-v3-base,_concat_cls_with_mean-7,0,"{'devacc': np.float64(84.51), 'acc': np.float64(83.47), 'ndev': 10662, 'ntest': 10662}","{'devacc': np.float64(88.25), 'acc': np.float64(85.99), 'ndev': 3775, 'ntest': 3775}","{'devacc': np.float64(94.82), 'acc': np.float64(94.15), 'ndev': 10000, 'ntest': 10000}","{'devacc': np.float64(90.5), 'acc': np.float64(89.89), 'ndev': 10606, 'ntest': 10606}","{'devacc': np.float64(90.02), 'acc': 90.72, 'ndev': 872, 'ntest': 1821}","{'devacc': np.float64(50.32), 'acc': 50.9, 'ndev': 1101, 'ntest': 2210}","{'devacc': np.float64(85.23), 'acc': 93.6, 'ndev': 5452, 'ntest': 500}","{'devacc': np.float64(74.98), 'acc': 75.83, 'f1': 83.39, 'ndev': 4076, 'ntest': 1725}"
microsoft/deberta-v3-base,_concat_cls_with_mean_exclude_cls_sep-7,0,"{'devacc': np.float64(84.57), 'acc': np.float64(83.36), 'ndev': 10662, 'ntest': 10662}","{'devacc': np.float64(88.28), 'acc': np.float64(86.41), 'ndev': 3775, 'ntest': 3775}","{'devacc': np.float64(94.92), 'acc': np.float64(94.17), 'ndev': 10000, 'ntest': 10000}","{'devacc': np.float64(90.78), 'acc': np.float64(90.19), 'ndev': 10606, 'ntest': 10606}","{'devacc': np.float64(89.79), 'acc': 90.88, 'ndev': 872, 'ntest': 1821}","{'devacc': np.float64(50.59), 'acc': 50.81, 'ndev': 1101, 'ntest': 2210}","{'devacc': np.float64(85.66), 'acc': 93.6, 'ndev': 5452, 'ntest': 500}","{'devacc': np.float64(74.98), 'acc': 75.36, 'f1': 83.26, 'ndev': 4076, 'ntest': 1725}"
microsoft/deberta-v3-base,_concat_mean_3_tokens-7,0,"{'devacc': np.float64(85.07), 'acc': np.float64(84.26), 'ndev': 10662, 'ntest': 10662}","{'devacc': np.float64(89.44), 'acc': np.float64(88.03), 'ndev': 3775, 'ntest': 3775}","{'devacc': np.float64(95.64), 'acc': np.float64(94.69), 'ndev': 10000, 'ntest': 10000}","{'devacc': np.float64(90.75), 'acc': np.float64(90.37), 'ndev': 10606, 'ntest': 10606}","{'devacc': np.float64(88.3), 'acc': 89.68, 'ndev': 872, 'ntest': 1821}","{'devacc': np.float64(51.86), 'acc': 51.0, 'ndev': 1101, 'ntest': 2210}","{'devacc': np.float64(89.09), 'acc': 89.8, 'ndev': 5452, 'ntest': 500}","{'devacc': np.float64(71.86), 'acc': 69.04, 'f1': 78.59, 'ndev': 4076, 'ntest': 1725}"
microsoft/deberta-v3-base,_concat_mean_3_tokens_exclude_cls_and_sep-7,0,"{'devacc': np.float64(85.01), 'acc': np.float64(84.45), 'ndev': 10662, 'ntest': 10662}","{'devacc': np.float64(89.73), 'acc': np.float64(88.88), 'ndev': 3775, 'ntest': 3775}","{'devacc': np.float64(95.65), 'acc': np.float64(94.99), 'ndev': 10000, 'ntest': 10000}","{'devacc': np.float64(68.77), 'acc': np.float64(68.77), 'ndev': 10606, 'ntest': 10606}","{'devacc': np.float64(88.53), 'acc': 89.62, 'ndev': 872, 'ntest': 1821}","{'devacc': np.float64(51.68), 'acc': 50.95, 'ndev': 1101, 'ntest': 2210}","{'devacc': np.float64(89.16), 'acc': 94.4, 'ndev': 5452, 'ntest': 500}","{'devacc': np.float64(71.2), 'acc': 67.54, 'f1': 76.19, 'ndev': 4076, 'ntest': 1725}"
microsoft/deberta-v3-base,_concat_mean_5_tokens-7,0,"{'devacc': np.float64(85.03), 'acc': np.float64(84.41), 'ndev': 10662, 'ntest': 10662}","{'devacc': np.float64(89.93), 'acc': np.float64(88.93), 'ndev': 3775, 'ntest': 3775}","{'devacc': np.float64(95.82), 'acc': np.float64(95.12), 'ndev': 10000, 'ntest': 10000}","{'devacc': np.float64(68.77), 'acc': np.float64(68.77), 'ndev': 10606, 'ntest': 10606}","{'devacc': np.float64(88.65), 'acc': 89.02, 'ndev': 872, 'ntest': 1821}","{'devacc': np.float64(51.77), 'acc': 49.5, 'ndev': 1101, 'ntest': 2210}","{'devacc': np.float64(90.59), 'acc': 87.0, 'ndev': 5452, 'ntest': 500}","{'devacc': np.float64(71.12), 'acc': 63.42, 'f1': 71.15, 'ndev': 4076, 'ntest': 1725}"
microsoft/deberta-v3-base,_concat_mean_5_tokens_exclude_cls_and_sep-7,0,"{'devacc': np.float64(85.08), 'acc': np.float64(83.78), 'ndev': 10662, 'ntest': 10662}","{'devacc': np.float64(89.78), 'acc': np.float64(89.27), 'ndev': 3775, 'ntest': 3775}","{'devacc': np.float64(95.82), 'acc': np.float64(95.59), 'ndev': 10000, 'ntest': 10000}","{'devacc': np.float64(68.77), 'acc': np.float64(68.77), 'ndev': 10606, 'ntest': 10606}","{'devacc': np.float64(49.08), 'acc': 50.08, 'ndev': 872, 'ntest': 1821}","{'devacc': np.float64(51.04), 'acc': 50.77, 'ndev': 1101, 'ntest': 2210}","{'devacc': np.float64(90.24), 'acc': 94.6, 'ndev': 5452, 'ntest': 500}","{'devacc': np.float64(71.37), 'acc': 69.97, 'f1': 79.44, 'ndev': 4076, 'ntest': 1725}"
microsoft/deberta-v3-base,_cls-8,0,"{'devacc': np.float64(52.09), 'acc': np.float64(54.81), 'ndev': 10662, 'ntest': 10662}","{'devacc': np.float64(63.76), 'acc': np.float64(63.76), 'ndev': 3775, 'ntest': 3775}","{'devacc': np.float64(54.12), 'acc': np.float64(58.97), 'ndev': 10000, 'ntest': 10000}","{'devacc': np.float64(68.77), 'acc': np.float64(68.77), 'ndev': 10606, 'ntest': 10606}","{'devacc': np.float64(50.92), 'acc': 49.92, 'ndev': 872, 'ntest': 1821}","{'devacc': np.float64(26.25), 'acc': 28.64, 'ndev': 1101, 'ntest': 2210}","{'devacc': np.float64(23.83), 'acc': 18.8, 'ndev': 5452, 'ntest': 500}","{'devacc': np.float64(67.54), 'acc': 66.49, 'f1': 79.87, 'ndev': 4076, 'ntest': 1725}"
microsoft/deberta-v3-base,_mean-8,0,"{'devacc': np.float64(86.02), 'acc': np.float64(85.02), 'ndev': 10662, 'ntest': 10662}","{'devacc': np.float64(89.13), 'acc': np.float64(87.5), 'ndev': 3775, 'ntest': 3775}","{'devacc': np.float64(95.05), 'acc': np.float64(94.66), 'ndev': 10000, 'ntest': 10000}","{'devacc': np.float64(90.35), 'acc': np.float64(89.66), 'ndev': 10606, 'ntest': 10606}","{'devacc': np.float64(91.4), 'acc': 91.54, 'ndev': 872, 'ntest': 1821}","{'devacc': np.float64(51.77), 'acc': 52.13, 'ndev': 1101, 'ntest': 2210}","{'devacc': np.float64(85.64), 'acc': 93.8, 'ndev': 5452, 'ntest': 500}","{'devacc': np.float64(75.69), 'acc': 75.94, 'f1': 83.86, 'ndev': 4076, 'ntest': 1725}"
microsoft/deberta-v3-base,_mean_exclude_cls_sep-8,0,"{'devacc': np.float64(86.04), 'acc': np.float64(85.06), 'ndev': 10662, 'ntest': 10662}","{'devacc': np.float64(89.01), 'acc': np.float64(87.02), 'ndev': 3775, 'ntest': 3775}","{'devacc': np.float64(95.14), 'acc': np.float64(94.59), 'ndev': 10000, 'ntest': 10000}","{'devacc': np.float64(90.76), 'acc': np.float64(90.54), 'ndev': 10606, 'ntest': 10606}","{'devacc': np.float64(91.51), 'acc': 91.82, 'ndev': 872, 'ntest': 1821}","{'devacc': np.float64(51.86), 'acc': 51.36, 'ndev': 1101, 'ntest': 2210}","{'devacc': np.float64(86.15), 'acc': 93.2, 'ndev': 5452, 'ntest': 500}","{'devacc': np.float64(76.59), 'acc': 74.78, 'f1': 83.42, 'ndev': 4076, 'ntest': 1725}"
microsoft/deberta-v3-base,_concat_cls_with_mean-8,0,"{'devacc': np.float64(86.04), 'acc': np.float64(85.28), 'ndev': 10662, 'ntest': 10662}","{'devacc': np.float64(89.62), 'acc': np.float64(86.81), 'ndev': 3775, 'ntest': 3775}","{'devacc': np.float64(95.11), 'acc': np.float64(94.65), 'ndev': 10000, 'ntest': 10000}","{'devacc': np.float64(90.3), 'acc': np.float64(89.6), 'ndev': 10606, 'ntest': 10606}","{'devacc': np.float64(91.4), 'acc': 91.65, 'ndev': 872, 'ntest': 1821}","{'devacc': np.float64(51.59), 'acc': 51.04, 'ndev': 1101, 'ntest': 2210}","{'devacc': np.float64(85.82), 'acc': 93.8, 'ndev': 5452, 'ntest': 500}","{'devacc': np.float64(75.22), 'acc': 75.48, 'f1': 83.43, 'ndev': 4076, 'ntest': 1725}"
microsoft/deberta-v3-base,_concat_cls_with_mean_exclude_cls_sep-8,0,"{'devacc': np.float64(86.1), 'acc': np.float64(85.28), 'ndev': 10662, 'ntest': 10662}","{'devacc': np.float64(89.76), 'acc': np.float64(88.13), 'ndev': 3775, 'ntest': 3775}","{'devacc': np.float64(95.2), 'acc': np.float64(94.54), 'ndev': 10000, 'ntest': 10000}","{'devacc': np.float64(90.58), 'acc': np.float64(90.3), 'ndev': 10606, 'ntest': 10606}","{'devacc': np.float64(91.4), 'acc': 91.38, 'ndev': 872, 'ntest': 1821}","{'devacc': np.float64(51.5), 'acc': 51.45, 'ndev': 1101, 'ntest': 2210}","{'devacc': np.float64(86.3), 'acc': 94.2, 'ndev': 5452, 'ntest': 500}","{'devacc': np.float64(75.37), 'acc': 75.65, 'f1': 83.57, 'ndev': 4076, 'ntest': 1725}"
microsoft/deberta-v3-base,_concat_mean_3_tokens-8,0,"{'devacc': np.float64(86.39), 'acc': np.float64(84.57), 'ndev': 10662, 'ntest': 10662}","{'devacc': np.float64(90.86), 'acc': np.float64(88.77), 'ndev': 3775, 'ntest': 3775}","{'devacc': np.float64(95.87), 'acc': np.float64(95.17), 'ndev': 10000, 'ntest': 10000}","{'devacc': np.float64(90.53), 'acc': np.float64(89.93), 'ndev': 10606, 'ntest': 10606}","{'devacc': np.float64(90.71), 'acc': 90.83, 'ndev': 872, 'ntest': 1821}","{'devacc': np.float64(52.13), 'acc': 50.77, 'ndev': 1101, 'ntest': 2210}","{'devacc': np.float64(88.81), 'acc': 91.4, 'ndev': 5452, 'ntest': 500}","{'devacc': np.float64(72.33), 'acc': 68.7, 'f1': 77.16, 'ndev': 4076, 'ntest': 1725}"
microsoft/deberta-v3-base,_concat_mean_3_tokens_exclude_cls_and_sep-8,0,"{'devacc': np.float64(86.5), 'acc': np.float64(85.64), 'ndev': 10662, 'ntest': 10662}","{'devacc': np.float64(91.01), 'acc': np.float64(89.19), 'ndev': 3775, 'ntest': 3775}","{'devacc': np.float64(95.85), 'acc': np.float64(94.95), 'ndev': 10000, 'ntest': 10000}","{'devacc': np.float64(68.77), 'acc': np.float64(68.77), 'ndev': 10606, 'ntest': 10606}","{'devacc': np.float64(91.51), 'acc': 90.94, 'ndev': 872, 'ntest': 1821}","{'devacc': np.float64(52.32), 'acc': 50.95, 'ndev': 1101, 'ntest': 2210}","{'devacc': np.float64(89.31), 'acc': 94.0, 'ndev': 5452, 'ntest': 500}","{'devacc': np.float64(72.23), 'acc': 66.55, 'f1': 75.35, 'ndev': 4076, 'ntest': 1725}"
microsoft/deberta-v3-base,_concat_mean_5_tokens-8,0,"{'devacc': np.float64(86.49), 'acc': np.float64(85.96), 'ndev': 10662, 'ntest': 10662}","{'devacc': np.float64(91.03), 'acc': np.float64(89.93), 'ndev': 3775, 'ntest': 3775}","{'devacc': np.float64(96.04), 'acc': np.float64(95.17), 'ndev': 10000, 'ntest': 10000}","{'devacc': np.float64(68.77), 'acc': np.float64(68.77), 'ndev': 10606, 'ntest': 10606}","{'devacc': np.float64(90.37), 'acc': 90.55, 'ndev': 872, 'ntest': 1821}","{'devacc': np.float64(53.04), 'acc': 50.09, 'ndev': 1101, 'ntest': 2210}","{'devacc': np.float64(90.37), 'acc': 87.0, 'ndev': 5452, 'ntest': 500}","{'devacc': np.float64(71.86), 'acc': 66.43, 'f1': 74.02, 'ndev': 4076, 'ntest': 1725}"
microsoft/deberta-v3-base,_concat_mean_5_tokens_exclude_cls_and_sep-8,0,"{'devacc': np.float64(86.43), 'acc': np.float64(85.44), 'ndev': 10662, 'ntest': 10662}","{'devacc': np.float64(91.15), 'acc': np.float64(89.72), 'ndev': 3775, 'ntest': 3775}","{'devacc': np.float64(96.03), 'acc': np.float64(95.42), 'ndev': 10000, 'ntest': 10000}","{'devacc': np.float64(68.77), 'acc': np.float64(68.77), 'ndev': 10606, 'ntest': 10606}","{'devacc': np.float64(49.08), 'acc': 50.08, 'ndev': 872, 'ntest': 1821}","{'devacc': np.float64(51.59), 'acc': 51.45, 'ndev': 1101, 'ntest': 2210}","{'devacc': np.float64(90.11), 'acc': 95.0, 'ndev': 5452, 'ntest': 500}","{'devacc': np.float64(71.88), 'acc': 70.32, 'f1': 80.56, 'ndev': 4076, 'ntest': 1725}"
microsoft/deberta-v3-base,_cls-9,0,"{'devacc': np.float64(79.49), 'acc': np.float64(78.06), 'ndev': 10662, 'ntest': 10662}","{'devacc': np.float64(63.76), 'acc': np.float64(63.76), 'ndev': 3775, 'ntest': 3775}","{'devacc': np.float64(87.24), 'acc': np.float64(87.83), 'ndev': 10000, 'ntest': 10000}","{'devacc': np.float64(68.77), 'acc': np.float64(68.77), 'ndev': 10606, 'ntest': 10606}","{'devacc': np.float64(80.73), 'acc': 80.34, 'ndev': 872, 'ntest': 1821}","{'devacc': np.float64(26.25), 'acc': 28.64, 'ndev': 1101, 'ntest': 2210}","{'devacc': np.float64(27.37), 'acc': 18.8, 'ndev': 5452, 'ntest': 500}","{'devacc': np.float64(67.54), 'acc': 66.49, 'f1': 79.87, 'ndev': 4076, 'ntest': 1725}"
microsoft/deberta-v3-base,_mean-9,0,"{'devacc': np.float64(86.7), 'acc': np.float64(85.72), 'ndev': 10662, 'ntest': 10662}","{'devacc': np.float64(89.43), 'acc': np.float64(88.56), 'ndev': 3775, 'ntest': 3775}","{'devacc': np.float64(95.05), 'acc': np.float64(93.98), 'ndev': 10000, 'ntest': 10000}","{'devacc': np.float64(90.24), 'acc': np.float64(89.87), 'ndev': 10606, 'ntest': 10606}","{'devacc': np.float64(90.94), 'acc': 91.76, 'ndev': 872, 'ntest': 1821}","{'devacc': np.float64(51.86), 'acc': 51.76, 'ndev': 1101, 'ntest': 2210}","{'devacc': np.float64(84.87), 'acc': 92.2, 'ndev': 5452, 'ntest': 500}","{'devacc': np.float64(75.12), 'acc': 74.72, 'f1': 83.14, 'ndev': 4076, 'ntest': 1725}"
microsoft/deberta-v3-base,_mean_exclude_cls_sep-9,0,"{'devacc': np.float64(86.79), 'acc': np.float64(85.94), 'ndev': 10662, 'ntest': 10662}","{'devacc': np.float64(89.72), 'acc': np.float64(88.21), 'ndev': 3775, 'ntest': 3775}","{'devacc': np.float64(95.05), 'acc': np.float64(94.22), 'ndev': 10000, 'ntest': 10000}","{'devacc': np.float64(90.54), 'acc': np.float64(90.02), 'ndev': 10606, 'ntest': 10606}","{'devacc': np.float64(90.37), 'acc': 91.76, 'ndev': 872, 'ntest': 1821}","{'devacc': np.float64(51.59), 'acc': 51.86, 'ndev': 1101, 'ntest': 2210}","{'devacc': np.float64(85.23), 'acc': 92.0, 'ndev': 5452, 'ntest': 500}","{'devacc': np.float64(75.44), 'acc': 75.36, 'f1': 83.43, 'ndev': 4076, 'ntest': 1725}"
microsoft/deberta-v3-base,_concat_cls_with_mean-9,0,"{'devacc': np.float64(86.66), 'acc': np.float64(85.97), 'ndev': 10662, 'ntest': 10662}","{'devacc': np.float64(90.04), 'acc': np.float64(88.88), 'ndev': 3775, 'ntest': 3775}","{'devacc': np.float64(95.06), 'acc': np.float64(94.34), 'ndev': 10000, 'ntest': 10000}","{'devacc': np.float64(90.2), 'acc': np.float64(89.59), 'ndev': 10606, 'ntest': 10606}","{'devacc': np.float64(90.94), 'acc': 91.76, 'ndev': 872, 'ntest': 1821}","{'devacc': np.float64(51.95), 'acc': 51.72, 'ndev': 1101, 'ntest': 2210}","{'devacc': np.float64(84.54), 'acc': 92.0, 'ndev': 5452, 'ntest': 500}","{'devacc': np.float64(75.27), 'acc': 76.0, 'f1': 83.64, 'ndev': 4076, 'ntest': 1725}"
microsoft/deberta-v3-base,_concat_cls_with_mean_exclude_cls_sep-9,0,"{'devacc': np.float64(86.66), 'acc': np.float64(85.92), 'ndev': 10662, 'ntest': 10662}","{'devacc': np.float64(90.06), 'acc': np.float64(89.16), 'ndev': 3775, 'ntest': 3775}","{'devacc': np.float64(95.15), 'acc': np.float64(94.32), 'ndev': 10000, 'ntest': 10000}","{'devacc': np.float64(90.49), 'acc': np.float64(89.94), 'ndev': 10606, 'ntest': 10606}","{'devacc': np.float64(91.28), 'acc': 91.98, 'ndev': 872, 'ntest': 1821}","{'devacc': np.float64(51.95), 'acc': 51.4, 'ndev': 1101, 'ntest': 2210}","{'devacc': np.float64(85.27), 'acc': 93.2, 'ndev': 5452, 'ntest': 500}","{'devacc': np.float64(75.54), 'acc': 76.06, 'f1': 83.62, 'ndev': 4076, 'ntest': 1725}"
microsoft/deberta-v3-base,_concat_mean_3_tokens-9,0,"{'devacc': np.float64(87.46), 'acc': np.float64(87.02), 'ndev': 10662, 'ntest': 10662}","{'devacc': np.float64(91.01), 'acc': np.float64(89.22), 'ndev': 3775, 'ntest': 3775}","{'devacc': np.float64(95.71), 'acc': np.float64(95.26), 'ndev': 10000, 'ntest': 10000}","{'devacc': np.float64(90.33), 'acc': np.float64(89.76), 'ndev': 10606, 'ntest': 10606}","{'devacc': np.float64(91.06), 'acc': 91.71, 'ndev': 872, 'ntest': 1821}","{'devacc': np.float64(53.32), 'acc': 51.81, 'ndev': 1101, 'ntest': 2210}","{'devacc': np.float64(88.33), 'acc': 91.4, 'ndev': 5452, 'ntest': 500}","{'devacc': np.float64(72.42), 'acc': 68.17, 'f1': 76.83, 'ndev': 4076, 'ntest': 1725}"
microsoft/deberta-v3-base,_concat_mean_3_tokens_exclude_cls_and_sep-9,0,"{'devacc': np.float64(87.42), 'acc': np.float64(86.72), 'ndev': 10662, 'ntest': 10662}","{'devacc': np.float64(91.03), 'acc': np.float64(89.19), 'ndev': 3775, 'ntest': 3775}","{'devacc': np.float64(95.72), 'acc': np.float64(94.9), 'ndev': 10000, 'ntest': 10000}","{'devacc': np.float64(68.77), 'acc': np.float64(68.77), 'ndev': 10606, 'ntest': 10606}","{'devacc': np.float64(91.86), 'acc': 91.38, 'ndev': 872, 'ntest': 1821}","{'devacc': np.float64(53.68), 'acc': 52.58, 'ndev': 1101, 'ntest': 2210}","{'devacc': np.float64(88.52), 'acc': 92.0, 'ndev': 5452, 'ntest': 500}","{'devacc': np.float64(72.23), 'acc': 68.17, 'f1': 76.65, 'ndev': 4076, 'ntest': 1725}"
microsoft/deberta-v3-base,_concat_mean_5_tokens-9,0,"{'devacc': np.float64(87.55), 'acc': np.float64(87.04), 'ndev': 10662, 'ntest': 10662}","{'devacc': np.float64(91.37), 'acc': np.float64(89.78), 'ndev': 3775, 'ntest': 3775}","{'devacc': np.float64(96.09), 'acc': np.float64(95.64), 'ndev': 10000, 'ntest': 10000}","{'devacc': np.float64(68.77), 'acc': np.float64(68.77), 'ndev': 10606, 'ntest': 10606}","{'devacc': np.float64(90.94), 'acc': 90.99, 'ndev': 872, 'ntest': 1821}","{'devacc': np.float64(52.13), 'acc': 51.36, 'ndev': 1101, 'ntest': 2210}","{'devacc': np.float64(89.53), 'acc': 85.0, 'ndev': 5452, 'ntest': 500}","{'devacc': np.float64(72.11), 'acc': 65.68, 'f1': 75.25, 'ndev': 4076, 'ntest': 1725}"
microsoft/deberta-v3-base,_concat_mean_5_tokens_exclude_cls_and_sep-9,0,"{'devacc': np.float64(87.51), 'acc': np.float64(86.85), 'ndev': 10662, 'ntest': 10662}","{'devacc': np.float64(91.42), 'acc': np.float64(90.84), 'ndev': 3775, 'ntest': 3775}","{'devacc': np.float64(96.08), 'acc': np.float64(95.82), 'ndev': 10000, 'ntest': 10000}","{'devacc': np.float64(68.77), 'acc': np.float64(68.77), 'ndev': 10606, 'ntest': 10606}","{'devacc': np.float64(49.08), 'acc': 50.08, 'ndev': 872, 'ntest': 1821}","{'devacc': np.float64(52.04), 'acc': 50.54, 'ndev': 1101, 'ntest': 2210}","{'devacc': np.float64(89.56), 'acc': 94.2, 'ndev': 5452, 'ntest': 500}","{'devacc': np.float64(71.69), 'acc': 69.16, 'f1': 78.8, 'ndev': 4076, 'ntest': 1725}"
microsoft/deberta-v3-base,_cls-10,0,"{'devacc': np.float64(63.07), 'acc': np.float64(67.0), 'ndev': 10662, 'ntest': 10662}","{'devacc': np.float64(63.76), 'acc': np.float64(63.76), 'ndev': 3775, 'ntest': 3775}","{'devacc': np.float64(62.58), 'acc': np.float64(67.9), 'ndev': 10000, 'ntest': 10000}","{'devacc': np.float64(68.77), 'acc': np.float64(68.77), 'ndev': 10606, 'ntest': 10606}","{'devacc': np.float64(50.92), 'acc': 49.92, 'ndev': 872, 'ntest': 1821}","{'devacc': np.float64(26.25), 'acc': 28.64, 'ndev': 1101, 'ntest': 2210}","{'devacc': np.float64(24.56), 'acc': 19.0, 'ndev': 5452, 'ntest': 500}","{'devacc': np.float64(67.54), 'acc': 66.49, 'f1': 79.87, 'ndev': 4076, 'ntest': 1725}"
microsoft/deberta-v3-base,_mean-10,0,"{'devacc': np.float64(87.25), 'acc': np.float64(86.81), 'ndev': 10662, 'ntest': 10662}","{'devacc': np.float64(90.09), 'acc': np.float64(89.09), 'ndev': 3775, 'ntest': 3775}","{'devacc': np.float64(95.04), 'acc': np.float64(94.15), 'ndev': 10000, 'ntest': 10000}","{'devacc': np.float64(90.04), 'acc': np.float64(89.02), 'ndev': 10606, 'ntest': 10606}","{'devacc': np.float64(91.17), 'acc': 92.42, 'ndev': 872, 'ntest': 1821}","{'devacc': np.float64(52.86), 'acc': 53.44, 'ndev': 1101, 'ntest': 2210}","{'devacc': np.float64(83.22), 'acc': 90.0, 'ndev': 5452, 'ntest': 500}","{'devacc': np.float64(75.0), 'acc': 74.84, 'f1': 83.26, 'ndev': 4076, 'ntest': 1725}"
microsoft/deberta-v3-base,_mean_exclude_cls_sep-10,0,"{'devacc': np.float64(87.29), 'acc': np.float64(86.95), 'ndev': 10662, 'ntest': 10662}","{'devacc': np.float64(90.09), 'acc': np.float64(89.4), 'ndev': 3775, 'ntest': 3775}","{'devacc': np.float64(95.16), 'acc': np.float64(94.31), 'ndev': 10000, 'ntest': 10000}","{'devacc': np.float64(90.4), 'acc': np.float64(89.98), 'ndev': 10606, 'ntest': 10606}","{'devacc': np.float64(90.94), 'acc': 92.31, 'ndev': 872, 'ntest': 1821}","{'devacc': np.float64(52.32), 'acc': 52.13, 'ndev': 1101, 'ntest': 2210}","{'devacc': np.float64(83.27), 'acc': 93.2, 'ndev': 5452, 'ntest': 500}","{'devacc': np.float64(75.64), 'acc': 75.54, 'f1': 83.55, 'ndev': 4076, 'ntest': 1725}"
microsoft/deberta-v3-base,_concat_cls_with_mean-10,0,"{'devacc': np.float64(87.28), 'acc': np.float64(86.81), 'ndev': 10662, 'ntest': 10662}","{'devacc': np.float64(90.44), 'acc': np.float64(89.93), 'ndev': 3775, 'ntest': 3775}","{'devacc': np.float64(95.1), 'acc': np.float64(94.4), 'ndev': 10000, 'ntest': 10000}","{'devacc': np.float64(89.95), 'acc': np.float64(89.16), 'ndev': 10606, 'ntest': 10606}","{'devacc': np.float64(91.4), 'acc': 92.37, 'ndev': 872, 'ntest': 1821}","{'devacc': np.float64(52.41), 'acc': 52.76, 'ndev': 1101, 'ntest': 2210}","{'devacc': np.float64(83.18), 'acc': 90.8, 'ndev': 5452, 'ntest': 500}","{'devacc': np.float64(74.66), 'acc': 74.96, 'f1': 83.37, 'ndev': 4076, 'ntest': 1725}"
microsoft/deberta-v3-base,_concat_cls_with_mean_exclude_cls_sep-10,0,"{'devacc': np.float64(87.26), 'acc': np.float64(86.56), 'ndev': 10662, 'ntest': 10662}","{'devacc': np.float64(90.62), 'acc': np.float64(89.56), 'ndev': 3775, 'ntest': 3775}","{'devacc': np.float64(95.16), 'acc': np.float64(94.44), 'ndev': 10000, 'ntest': 10000}","{'devacc': np.float64(90.32), 'acc': np.float64(89.89), 'ndev': 10606, 'ntest': 10606}","{'devacc': np.float64(91.06), 'acc': 92.7, 'ndev': 872, 'ntest': 1821}","{'devacc': np.float64(52.32), 'acc': 53.03, 'ndev': 1101, 'ntest': 2210}","{'devacc': np.float64(83.71), 'acc': 93.2, 'ndev': 5452, 'ntest': 500}","{'devacc': np.float64(75.25), 'acc': 75.59, 'f1': 83.5, 'ndev': 4076, 'ntest': 1725}"
microsoft/deberta-v3-base,_concat_mean_3_tokens-10,0,"{'devacc': np.float64(87.9), 'acc': np.float64(87.24), 'ndev': 10662, 'ntest': 10662}","{'devacc': np.float64(91.3), 'acc': np.float64(90.6), 'ndev': 3775, 'ntest': 3775}","{'devacc': np.float64(95.91), 'acc': np.float64(95.12), 'ndev': 10000, 'ntest': 10000}","{'devacc': np.float64(90.34), 'acc': np.float64(89.81), 'ndev': 10606, 'ntest': 10606}","{'devacc': np.float64(90.94), 'acc': 91.49, 'ndev': 872, 'ntest': 1821}","{'devacc': np.float64(53.41), 'acc': 53.12, 'ndev': 1101, 'ntest': 2210}","{'devacc': np.float64(87.25), 'acc': 89.6, 'ndev': 5452, 'ntest': 500}","{'devacc': np.float64(72.18), 'acc': 68.41, 'f1': 78.17, 'ndev': 4076, 'ntest': 1725}"
microsoft/deberta-v3-base,_concat_mean_3_tokens_exclude_cls_and_sep-10,0,"{'devacc': np.float64(87.95), 'acc': np.float64(87.19), 'ndev': 10662, 'ntest': 10662}","{'devacc': np.float64(91.4), 'acc': np.float64(90.75), 'ndev': 3775, 'ntest': 3775}","{'devacc': np.float64(95.84), 'acc': np.float64(95.13), 'ndev': 10000, 'ntest': 10000}","{'devacc': np.float64(68.77), 'acc': np.float64(68.77), 'ndev': 10606, 'ntest': 10606}","{'devacc': np.float64(91.51), 'acc': 91.93, 'ndev': 872, 'ntest': 1821}","{'devacc': np.float64(53.68), 'acc': 52.04, 'ndev': 1101, 'ntest': 2210}","{'devacc': np.float64(87.71), 'acc': 91.4, 'ndev': 5452, 'ntest': 500}","{'devacc': np.float64(71.81), 'acc': 68.23, 'f1': 76.36, 'ndev': 4076, 'ntest': 1725}"
microsoft/deberta-v3-base,_concat_mean_5_tokens-10,0,"{'devacc': np.float64(88.08), 'acc': np.float64(87.69), 'ndev': 10662, 'ntest': 10662}","{'devacc': np.float64(92.26), 'acc': np.float64(91.05), 'ndev': 3775, 'ntest': 3775}","{'devacc': np.float64(96.16), 'acc': np.float64(96.02), 'ndev': 10000, 'ntest': 10000}","{'devacc': np.float64(68.77), 'acc': np.float64(68.77), 'ndev': 10606, 'ntest': 10606}","{'devacc': np.float64(91.28), 'acc': 92.15, 'ndev': 872, 'ntest': 1821}","{'devacc': np.float64(52.77), 'acc': 51.95, 'ndev': 1101, 'ntest': 2210}","{'devacc': np.float64(88.55), 'acc': 86.0, 'ndev': 5452, 'ntest': 500}","{'devacc': np.float64(71.93), 'acc': 62.96, 'f1': 70.54, 'ndev': 4076, 'ntest': 1725}"
microsoft/deberta-v3-base,_concat_mean_5_tokens_exclude_cls_and_sep-10,0,"{'devacc': np.float64(88.04), 'acc': np.float64(87.49), 'ndev': 10662, 'ntest': 10662}","{'devacc': np.float64(91.94), 'acc': np.float64(90.97), 'ndev': 3775, 'ntest': 3775}","{'devacc': np.float64(96.01), 'acc': np.float64(95.92), 'ndev': 10000, 'ntest': 10000}","{'devacc': np.float64(68.77), 'acc': np.float64(68.77), 'ndev': 10606, 'ntest': 10606}","{'devacc': np.float64(49.08), 'acc': 50.08, 'ndev': 872, 'ntest': 1821}","{'devacc': np.float64(52.68), 'acc': 50.72, 'ndev': 1101, 'ntest': 2210}","{'devacc': np.float64(88.35), 'acc': 94.0, 'ndev': 5452, 'ntest': 500}","{'devacc': np.float64(71.86), 'acc': 70.03, 'f1': 80.18, 'ndev': 4076, 'ntest': 1725}"
microsoft/deberta-v3-base,_cls-11,0,"{'devacc': np.float64(77.55), 'acc': np.float64(77.63), 'ndev': 10662, 'ntest': 10662}","{'devacc': np.float64(63.76), 'acc': np.float64(63.76), 'ndev': 3775, 'ntest': 3775}","{'devacc': np.float64(87.42), 'acc': np.float64(85.94), 'ndev': 10000, 'ntest': 10000}","{'devacc': np.float64(71.8), 'acc': np.float64(72.41), 'ndev': 10606, 'ntest': 10606}","{'devacc': np.float64(82.68), 'acc': 84.29, 'ndev': 872, 'ntest': 1821}","{'devacc': np.float64(38.15), 'acc': 39.86, 'ndev': 1101, 'ntest': 2210}","{'devacc': np.float64(37.56), 'acc': 35.6, 'ndev': 5452, 'ntest': 500}","{'devacc': np.float64(68.16), 'acc': 66.2, 'f1': 79.52, 'ndev': 4076, 'ntest': 1725}"
microsoft/deberta-v3-base,_mean-11,0,"{'devacc': np.float64(86.79), 'acc': np.float64(86.32), 'ndev': 10662, 'ntest': 10662}","{'devacc': np.float64(88.71), 'acc': np.float64(88.24), 'ndev': 3775, 'ntest': 3775}","{'devacc': np.float64(94.76), 'acc': np.float64(94.35), 'ndev': 10000, 'ntest': 10000}","{'devacc': np.float64(89.02), 'acc': np.float64(88.5), 'ndev': 10606, 'ntest': 10606}","{'devacc': np.float64(90.94), 'acc': 92.59, 'ndev': 872, 'ntest': 1821}","{'devacc': np.float64(51.95), 'acc': 52.26, 'ndev': 1101, 'ntest': 2210}","{'devacc': np.float64(80.17), 'acc': 88.8, 'ndev': 5452, 'ntest': 500}","{'devacc': np.float64(73.48), 'acc': 72.75, 'f1': 82.21, 'ndev': 4076, 'ntest': 1725}"
microsoft/deberta-v3-base,_mean_exclude_cls_sep-11,0,"{'devacc': np.float64(86.89), 'acc': np.float64(85.92), 'ndev': 10662, 'ntest': 10662}","{'devacc': np.float64(88.77), 'acc': np.float64(87.13), 'ndev': 3775, 'ntest': 3775}","{'devacc': np.float64(94.78), 'acc': np.float64(93.95), 'ndev': 10000, 'ntest': 10000}","{'devacc': np.float64(89.88), 'acc': np.float64(89.33), 'ndev': 10606, 'ntest': 10606}","{'devacc': np.float64(91.06), 'acc': 92.15, 'ndev': 872, 'ntest': 1821}","{'devacc': np.float64(51.5), 'acc': 52.62, 'ndev': 1101, 'ntest': 2210}","{'devacc': np.float64(80.8), 'acc': 91.4, 'ndev': 5452, 'ntest': 500}","{'devacc': np.float64(74.07), 'acc': 73.16, 'f1': 82.39, 'ndev': 4076, 'ntest': 1725}"
microsoft/deberta-v3-base,_concat_cls_with_mean-11,0,"{'devacc': np.float64(86.78), 'acc': np.float64(85.97), 'ndev': 10662, 'ntest': 10662}","{'devacc': np.float64(88.93), 'acc': np.float64(88.21), 'ndev': 3775, 'ntest': 3775}","{'devacc': np.float64(94.85), 'acc': np.float64(94.25), 'ndev': 10000, 'ntest': 10000}","{'devacc': np.float64(89.03), 'acc': np.float64(88.83), 'ndev': 10606, 'ntest': 10606}","{'devacc': np.float64(91.17), 'acc': 92.53, 'ndev': 872, 'ntest': 1821}","{'devacc': np.float64(50.23), 'acc': 50.23, 'ndev': 1101, 'ntest': 2210}","{'devacc': np.float64(80.65), 'acc': 88.0, 'ndev': 5452, 'ntest': 500}","{'devacc': np.float64(73.82), 'acc': 74.2, 'f1': 82.58, 'ndev': 4076, 'ntest': 1725}"
microsoft/deberta-v3-base,_concat_cls_with_mean_exclude_cls_sep-11,0,"{'devacc': np.float64(86.83), 'acc': np.float64(85.64), 'ndev': 10662, 'ntest': 10662}","{'devacc': np.float64(89.23), 'acc': np.float64(88.32), 'ndev': 3775, 'ntest': 3775}","{'devacc': np.float64(94.89), 'acc': np.float64(94.43), 'ndev': 10000, 'ntest': 10000}","{'devacc': np.float64(89.74), 'acc': np.float64(89.34), 'ndev': 10606, 'ntest': 10606}","{'devacc': np.float64(91.17), 'acc': 92.31, 'ndev': 872, 'ntest': 1821}","{'devacc': np.float64(51.86), 'acc': 52.17, 'ndev': 1101, 'ntest': 2210}","{'devacc': np.float64(80.74), 'acc': 88.2, 'ndev': 5452, 'ntest': 500}","{'devacc': np.float64(73.87), 'acc': 74.2, 'f1': 82.88, 'ndev': 4076, 'ntest': 1725}"
microsoft/deberta-v3-base,_concat_mean_3_tokens-11,0,"{'devacc': np.float64(87.61), 'acc': np.float64(86.61), 'ndev': 10662, 'ntest': 10662}","{'devacc': np.float64(89.78), 'acc': np.float64(88.03), 'ndev': 3775, 'ntest': 3775}","{'devacc': np.float64(95.57), 'acc': np.float64(95.0), 'ndev': 10000, 'ntest': 10000}","{'devacc': np.float64(89.81), 'acc': np.float64(89.06), 'ndev': 10606, 'ntest': 10606}","{'devacc': np.float64(90.37), 'acc': 92.26, 'ndev': 872, 'ntest': 1821}","{'devacc': np.float64(52.95), 'acc': 52.67, 'ndev': 1101, 'ntest': 2210}","{'devacc': np.float64(86.23), 'acc': 87.4, 'ndev': 5452, 'ntest': 500}","{'devacc': np.float64(71.44), 'acc': 67.54, 'f1': 76.59, 'ndev': 4076, 'ntest': 1725}"
microsoft/deberta-v3-base,_concat_mean_3_tokens_exclude_cls_and_sep-11,0,"{'devacc': np.float64(87.61), 'acc': np.float64(86.98), 'ndev': 10662, 'ntest': 10662}","{'devacc': np.float64(89.92), 'acc': np.float64(88.53), 'ndev': 3775, 'ntest': 3775}","{'devacc': np.float64(95.6), 'acc': np.float64(94.82), 'ndev': 10000, 'ntest': 10000}","{'devacc': np.float64(68.77), 'acc': np.float64(68.77), 'ndev': 10606, 'ntest': 10606}","{'devacc': np.float64(90.48), 'acc': 92.42, 'ndev': 872, 'ntest': 1821}","{'devacc': np.float64(52.59), 'acc': 51.18, 'ndev': 1101, 'ntest': 2210}","{'devacc': np.float64(86.19), 'acc': 89.6, 'ndev': 5452, 'ntest': 500}","{'devacc': np.float64(71.17), 'acc': 67.01, 'f1': 75.65, 'ndev': 4076, 'ntest': 1725}"
microsoft/deberta-v3-base,_concat_mean_5_tokens-11,0,"{'devacc': np.float64(87.94), 'acc': np.float64(87.33), 'ndev': 10662, 'ntest': 10662}","{'devacc': np.float64(90.84), 'acc': np.float64(90.12), 'ndev': 3775, 'ntest': 3775}","{'devacc': np.float64(95.83), 'acc': np.float64(95.42), 'ndev': 10000, 'ntest': 10000}","{'devacc': np.float64(68.77), 'acc': np.float64(68.77), 'ndev': 10606, 'ntest': 10606}","{'devacc': np.float64(90.71), 'acc': 91.82, 'ndev': 872, 'ntest': 1821}","{'devacc': np.float64(51.86), 'acc': 51.76, 'ndev': 1101, 'ntest': 2210}","{'devacc': np.float64(87.09), 'acc': 89.0, 'ndev': 5452, 'ntest': 500}","{'devacc': np.float64(71.66), 'acc': 67.77, 'f1': 77.78, 'ndev': 4076, 'ntest': 1725}"
microsoft/deberta-v3-base,_concat_mean_5_tokens_exclude_cls_and_sep-11,0,"{'devacc': np.float64(87.81), 'acc': np.float64(87.21), 'ndev': 10662, 'ntest': 10662}","{'devacc': np.float64(90.48), 'acc': np.float64(89.91), 'ndev': 3775, 'ntest': 3775}","{'devacc': np.float64(95.7), 'acc': np.float64(95.37), 'ndev': 10000, 'ntest': 10000}","{'devacc': np.float64(68.77), 'acc': np.float64(68.77), 'ndev': 10606, 'ntest': 10606}","{'devacc': np.float64(49.08), 'acc': 50.08, 'ndev': 872, 'ntest': 1821}","{'devacc': np.float64(51.32), 'acc': 51.54, 'ndev': 1101, 'ntest': 2210}","{'devacc': np.float64(87.38), 'acc': 92.4, 'ndev': 5452, 'ntest': 500}","{'devacc': np.float64(71.52), 'acc': 68.7, 'f1': 78.59, 'ndev': 4076, 'ntest': 1725}"
microsoft/deberta-v3-base,_cls-12,0,"{'devacc': np.float64(72.38), 'acc': np.float64(71.47), 'ndev': 10662, 'ntest': 10662}","{'devacc': np.float64(63.76), 'acc': np.float64(63.76), 'ndev': 3775, 'ntest': 3775}","{'devacc': np.float64(83.7), 'acc': np.float64(82.5), 'ndev': 10000, 'ntest': 10000}","{'devacc': np.float64(71.97), 'acc': np.float64(72.81), 'ndev': 10606, 'ntest': 10606}","{'devacc': np.float64(79.13), 'acc': 81.22, 'ndev': 872, 'ntest': 1821}","{'devacc': np.float64(34.6), 'acc': 36.83, 'ndev': 1101, 'ntest': 2210}","{'devacc': np.float64(37.77), 'acc': 47.0, 'ndev': 5452, 'ntest': 500}","{'devacc': np.float64(67.59), 'acc': 66.49, 'f1': 79.87, 'ndev': 4076, 'ntest': 1725}"
microsoft/deberta-v3-base,_mean-12,0,"{'devacc': np.float64(85.03), 'acc': np.float64(84.17), 'ndev': 10662, 'ntest': 10662}","{'devacc': np.float64(82.9), 'acc': np.float64(83.05), 'ndev': 3775, 'ntest': 3775}","{'devacc': np.float64(93.76), 'acc': np.float64(93.03), 'ndev': 10000, 'ntest': 10000}","{'devacc': np.float64(83.59), 'acc': np.float64(84.97), 'ndev': 10606, 'ntest': 10606}","{'devacc': np.float64(91.06), 'acc': 91.05, 'ndev': 872, 'ntest': 1821}","{'devacc': np.float64(48.41), 'acc': 49.68, 'ndev': 1101, 'ntest': 2210}","{'devacc': np.float64(76.38), 'acc': 83.0, 'ndev': 5452, 'ntest': 500}","{'devacc': np.float64(71.47), 'acc': 70.03, 'f1': 77.47, 'ndev': 4076, 'ntest': 1725}"
microsoft/deberta-v3-base,_mean_exclude_cls_sep-12,0,"{'devacc': np.float64(85.22), 'acc': np.float64(84.45), 'ndev': 10662, 'ntest': 10662}","{'devacc': np.float64(83.09), 'acc': np.float64(81.67), 'ndev': 3775, 'ntest': 3775}","{'devacc': np.float64(93.84), 'acc': np.float64(93.09), 'ndev': 10000, 'ntest': 10000}","{'devacc': np.float64(87.47), 'acc': np.float64(87.36), 'ndev': 10606, 'ntest': 10606}","{'devacc': np.float64(91.17), 'acc': 91.27, 'ndev': 872, 'ntest': 1821}","{'devacc': np.float64(48.77), 'acc': 50.41, 'ndev': 1101, 'ntest': 2210}","{'devacc': np.float64(77.11), 'acc': 83.8, 'ndev': 5452, 'ntest': 500}","{'devacc': np.float64(71.32), 'acc': 70.03, 'f1': 77.59, 'ndev': 4076, 'ntest': 1725}"
microsoft/deberta-v3-base,_concat_cls_with_mean-12,0,"{'devacc': np.float64(85.03), 'acc': np.float64(84.01), 'ndev': 10662, 'ntest': 10662}","{'devacc': np.float64(83.61), 'acc': np.float64(83.42), 'ndev': 3775, 'ntest': 3775}","{'devacc': np.float64(93.91), 'acc': np.float64(92.85), 'ndev': 10000, 'ntest': 10000}","{'devacc': np.float64(84.21), 'acc': np.float64(85.04), 'ndev': 10606, 'ntest': 10606}","{'devacc': np.float64(91.28), 'acc': 91.65, 'ndev': 872, 'ntest': 1821}","{'devacc': np.float64(48.86), 'acc': 50.14, 'ndev': 1101, 'ntest': 2210}","{'devacc': np.float64(76.05), 'acc': 83.2, 'ndev': 5452, 'ntest': 500}","{'devacc': np.float64(71.88), 'acc': 69.74, 'f1': 77.38, 'ndev': 4076, 'ntest': 1725}"
microsoft/deberta-v3-base,_concat_cls_with_mean_exclude_cls_sep-12,0,"{'devacc': np.float64(85.25), 'acc': np.float64(83.6), 'ndev': 10662, 'ntest': 10662}","{'devacc': np.float64(84.48), 'acc': np.float64(84.21), 'ndev': 3775, 'ntest': 3775}","{'devacc': np.float64(93.97), 'acc': np.float64(92.89), 'ndev': 10000, 'ntest': 10000}","{'devacc': np.float64(87.33), 'acc': np.float64(87.23), 'ndev': 10606, 'ntest': 10606}","{'devacc': np.float64(91.86), 'acc': 91.49, 'ndev': 872, 'ntest': 1821}","{'devacc': np.float64(49.41), 'acc': 48.73, 'ndev': 1101, 'ntest': 2210}","{'devacc': np.float64(77.44), 'acc': 82.6, 'ndev': 5452, 'ntest': 500}","{'devacc': np.float64(71.61), 'acc': 69.51, 'f1': 77.19, 'ndev': 4076, 'ntest': 1725}"
microsoft/deberta-v3-base,_concat_mean_3_tokens-12,0,"{'devacc': np.float64(85.75), 'acc': np.float64(85.6), 'ndev': 10662, 'ntest': 10662}","{'devacc': np.float64(85.97), 'acc': np.float64(85.8), 'ndev': 3775, 'ntest': 3775}","{'devacc': np.float64(94.46), 'acc': np.float64(94.08), 'ndev': 10000, 'ntest': 10000}","{'devacc': np.float64(86.5), 'acc': np.float64(85.98), 'ndev': 10606, 'ntest': 10606}","{'devacc': np.float64(89.45), 'acc': 90.12, 'ndev': 872, 'ntest': 1821}","{'devacc': np.float64(48.14), 'acc': 48.46, 'ndev': 1101, 'ntest': 2210}","{'devacc': np.float64(82.15), 'acc': 86.4, 'ndev': 5452, 'ntest': 500}","{'devacc': np.float64(70.78), 'acc': 67.94, 'f1': 77.98, 'ndev': 4076, 'ntest': 1725}"
microsoft/deberta-v3-base,_concat_mean_3_tokens_exclude_cls_and_sep-12,0,"{'devacc': np.float64(85.69), 'acc': np.float64(84.64), 'ndev': 10662, 'ntest': 10662}","{'devacc': np.float64(86.22), 'acc': np.float64(86.97), 'ndev': 3775, 'ntest': 3775}","{'devacc': np.float64(94.36), 'acc': np.float64(93.58), 'ndev': 10000, 'ntest': 10000}","{'devacc': np.float64(68.77), 'acc': np.float64(68.77), 'ndev': 10606, 'ntest': 10606}","{'devacc': np.float64(88.88), 'acc': 89.51, 'ndev': 872, 'ntest': 1821}","{'devacc': np.float64(48.5), 'acc': 47.1, 'ndev': 1101, 'ntest': 2210}","{'devacc': np.float64(83.46), 'acc': 86.2, 'ndev': 5452, 'ntest': 500}","{'devacc': np.float64(70.24), 'acc': 66.55, 'f1': 75.12, 'ndev': 4076, 'ntest': 1725}"
microsoft/deberta-v3-base,_concat_mean_5_tokens-12,0,"{'devacc': np.float64(85.7), 'acc': np.float64(85.09), 'ndev': 10662, 'ntest': 10662}","{'devacc': np.float64(87.52), 'acc': np.float64(86.78), 'ndev': 3775, 'ntest': 3775}","{'devacc': np.float64(94.62), 'acc': np.float64(94.14), 'ndev': 10000, 'ntest': 10000}","{'devacc': np.float64(68.77), 'acc': np.float64(68.77), 'ndev': 10606, 'ntest': 10606}","{'devacc': np.float64(89.45), 'acc': 89.84, 'ndev': 872, 'ntest': 1821}","{'devacc': np.float64(49.5), 'acc': 49.37, 'ndev': 1101, 'ntest': 2210}","{'devacc': np.float64(84.17), 'acc': 67.4, 'ndev': 5452, 'ntest': 500}","{'devacc': np.float64(70.88), 'acc': 66.03, 'f1': 77.32, 'ndev': 4076, 'ntest': 1725}"
microsoft/deberta-v3-base,_concat_mean_5_tokens_exclude_cls_and_sep-12,0,"{'devacc': np.float64(85.84), 'acc': np.float64(85.75), 'ndev': 10662, 'ntest': 10662}","{'devacc': np.float64(87.08), 'acc': np.float64(85.85), 'ndev': 3775, 'ntest': 3775}","{'devacc': np.float64(94.68), 'acc': np.float64(94.17), 'ndev': 10000, 'ntest': 10000}","{'devacc': np.float64(68.77), 'acc': np.float64(68.77), 'ndev': 10606, 'ntest': 10606}","{'devacc': np.float64(49.08), 'acc': 50.08, 'ndev': 872, 'ntest': 1821}","{'devacc': np.float64(49.41), 'acc': 47.42, 'ndev': 1101, 'ntest': 2210}","{'devacc': np.float64(84.02), 'acc': 88.8, 'ndev': 5452, 'ntest': 500}","{'devacc': np.float64(70.12), 'acc': 66.84, 'f1': 77.93, 'ndev': 4076, 'ntest': 1725}"
microsoft/deberta-v3-base,cls_last4,0,"{'devacc': np.float64(76.47), 'acc': np.float64(76.91), 'ndev': 10662, 'ntest': 10662}","{'devacc': np.float64(63.76), 'acc': np.float64(63.76), 'ndev': 3775, 'ntest': 3775}","{'devacc': np.float64(86.95), 'acc': np.float64(83.52), 'ndev': 10000, 'ntest': 10000}","{'devacc': np.float64(73.39), 'acc': np.float64(74.39), 'ndev': 10606, 'ntest': 10606}","{'devacc': np.float64(83.37), 'acc': 86.27, 'ndev': 872, 'ntest': 1821}","{'devacc': np.float64(38.6), 'acc': 41.0, 'ndev': 1101, 'ntest': 2210}","{'devacc': np.float64(37.91), 'acc': 39.0, 'ndev': 5452, 'ntest': 500}","{'devacc': np.float64(68.25), 'acc': 66.2, 'f1': 79.51, 'ndev': 4076, 'ntest': 1725}"
microsoft/deberta-v3-base,mean_last4,0,"{'devacc': np.float64(87.61), 'acc': np.float64(87.03), 'ndev': 10662, 'ntest': 10662}","{'devacc': np.float64(90.11), 'acc': np.float64(88.9), 'ndev': 3775, 'ntest': 3775}","{'devacc': np.float64(95.62), 'acc': np.float64(95.07), 'ndev': 10000, 'ntest': 10000}","{'devacc': np.float64(90.36), 'acc': np.float64(89.76), 'ndev': 10606, 'ntest': 10606}","{'devacc': np.float64(91.4), 'acc': 91.6, 'ndev': 872, 'ntest': 1821}","{'devacc': np.float64(52.32), 'acc': 52.17, 'ndev': 1101, 'ntest': 2210}","{'devacc': np.float64(84.83), 'acc': 92.2, 'ndev': 5452, 'ntest': 500}","{'devacc': np.float64(74.14), 'acc': 72.99, 'f1': 80.15, 'ndev': 4076, 'ntest': 1725}"
microsoft/deberta-v3-base,mean_exclude_cls_sep_last4,0,"{'devacc': np.float64(87.55), 'acc': np.float64(86.85), 'ndev': 10662, 'ntest': 10662}","{'devacc': np.float64(89.91), 'acc': np.float64(88.66), 'ndev': 3775, 'ntest': 3775}","{'devacc': np.float64(95.58), 'acc': np.float64(95.02), 'ndev': 10000, 'ntest': 10000}","{'devacc': np.float64(90.43), 'acc': np.float64(90.04), 'ndev': 10606, 'ntest': 10606}","{'devacc': np.float64(91.28), 'acc': 91.87, 'ndev': 872, 'ntest': 1821}","{'devacc': np.float64(51.68), 'acc': 52.17, 'ndev': 1101, 'ntest': 2210}","{'devacc': np.float64(84.94), 'acc': 94.2, 'ndev': 5452, 'ntest': 500}","{'devacc': np.float64(73.82), 'acc': 73.22, 'f1': 81.46, 'ndev': 4076, 'ntest': 1725}"
microsoft/deberta-v3-base,concat_cls_with_mean_last4,0,"{'devacc': np.float64(87.57), 'acc': np.float64(86.89), 'ndev': 10662, 'ntest': 10662}","{'devacc': np.float64(90.42), 'acc': np.float64(89.8), 'ndev': 3775, 'ntest': 3775}","{'devacc': np.float64(95.7), 'acc': np.float64(94.8), 'ndev': 10000, 'ntest': 10000}","{'devacc': np.float64(90.22), 'acc': np.float64(89.85), 'ndev': 10606, 'ntest': 10606}","{'devacc': np.float64(91.4), 'acc': 92.86, 'ndev': 872, 'ntest': 1821}","{'devacc': np.float64(52.77), 'acc': 52.62, 'ndev': 1101, 'ntest': 2210}","{'devacc': np.float64(84.65), 'acc': 93.6, 'ndev': 5452, 'ntest': 500}","{'devacc': np.float64(74.95), 'acc': 74.2, 'f1': 81.45, 'ndev': 4076, 'ntest': 1725}"
microsoft/deberta-v3-base,concat_cls_with_mean_exclude_cls_sep_last4,0,"{'devacc': np.float64(87.59), 'acc': np.float64(86.86), 'ndev': 10662, 'ntest': 10662}","{'devacc': np.float64(90.6), 'acc': np.float64(89.8), 'ndev': 3775, 'ntest': 3775}","{'devacc': np.float64(95.75), 'acc': np.float64(94.78), 'ndev': 10000, 'ntest': 10000}","{'devacc': np.float64(90.38), 'acc': np.float64(89.65), 'ndev': 10606, 'ntest': 10606}","{'devacc': np.float64(91.4), 'acc': 92.59, 'ndev': 872, 'ntest': 1821}","{'devacc': np.float64(52.77), 'acc': 52.71, 'ndev': 1101, 'ntest': 2210}","{'devacc': np.float64(84.74), 'acc': 94.6, 'ndev': 5452, 'ntest': 500}","{'devacc': np.float64(74.41), 'acc': 74.43, 'f1': 81.93, 'ndev': 4076, 'ntest': 1725}"
microsoft/deberta-v3-base,concat_mean_3_tokens_last4,0,"{'devacc': np.float64(87.93), 'acc': np.float64(87.7), 'ndev': 10662, 'ntest': 10662}","{'devacc': np.float64(90.98), 'acc': np.float64(90.36), 'ndev': 3775, 'ntest': 3775}","{'devacc': np.float64(96.1), 'acc': np.float64(95.46), 'ndev': 10000, 'ntest': 10000}","{'devacc': np.float64(90.31), 'acc': np.float64(90.2), 'ndev': 10606, 'ntest': 10606}","{'devacc': np.float64(90.71), 'acc': 92.04, 'ndev': 872, 'ntest': 1821}","{'devacc': np.float64(52.23), 'acc': 51.54, 'ndev': 1101, 'ntest': 2210}","{'devacc': np.float64(88.0), 'acc': 89.8, 'ndev': 5452, 'ntest': 500}","{'devacc': np.float64(72.25), 'acc': 69.8, 'f1': 77.78, 'ndev': 4076, 'ntest': 1725}"
microsoft/deberta-v3-base,concat_mean_3_tokens_exclude_cls_and_sep_last4,0,"{'devacc': np.float64(87.95), 'acc': np.float64(87.4), 'ndev': 10662, 'ntest': 10662}","{'devacc': np.float64(91.07), 'acc': np.float64(89.8), 'ndev': 3775, 'ntest': 3775}","{'devacc': np.float64(96.05), 'acc': np.float64(95.23), 'ndev': 10000, 'ntest': 10000}","{'devacc': np.float64(68.77), 'acc': np.float64(68.77), 'ndev': 10606, 'ntest': 10606}","{'devacc': np.float64(90.94), 'acc': 91.6, 'ndev': 872, 'ntest': 1821}","{'devacc': np.float64(52.68), 'acc': 51.09, 'ndev': 1101, 'ntest': 2210}","{'devacc': np.float64(87.88), 'acc': 91.6, 'ndev': 5452, 'ntest': 500}","{'devacc': np.float64(72.03), 'acc': 71.65, 'f1': 80.24, 'ndev': 4076, 'ntest': 1725}"
microsoft/deberta-v3-base,concat_mean_5_tokens_last4,0,"{'devacc': np.float64(87.74), 'acc': np.float64(87.44), 'ndev': 10662, 'ntest': 10662}","{'devacc': np.float64(91.74), 'acc': np.float64(90.17), 'ndev': 3775, 'ntest': 3775}","{'devacc': np.float64(96.15), 'acc': np.float64(95.67), 'ndev': 10000, 'ntest': 10000}","{'devacc': np.float64(68.77), 'acc': np.float64(68.77), 'ndev': 10606, 'ntest': 10606}","{'devacc': np.float64(90.6), 'acc': 90.61, 'ndev': 872, 'ntest': 1821}","{'devacc': np.float64(50.5), 'acc': 50.45, 'ndev': 1101, 'ntest': 2210}","{'devacc': np.float64(89.09), 'acc': 73.4, 'ndev': 5452, 'ntest': 500}","{'devacc': np.float64(70.8), 'acc': 68.29, 'f1': 76.83, 'ndev': 4076, 'ntest': 1725}"
microsoft/deberta-v3-base,concat_mean_5_tokens_exclude_cls_and_sep_last4,0,"{'devacc': np.float64(87.61), 'acc': np.float64(87.26), 'ndev': 10662, 'ntest': 10662}","{'devacc': np.float64(91.4), 'acc': np.float64(89.35), 'ndev': 3775, 'ntest': 3775}","{'devacc': np.float64(95.96), 'acc': np.float64(95.92), 'ndev': 10000, 'ntest': 10000}","{'devacc': np.float64(68.77), 'acc': np.float64(68.77), 'ndev': 10606, 'ntest': 10606}","{'devacc': np.float64(49.08), 'acc': 50.08, 'ndev': 872, 'ntest': 1821}","{'devacc': np.float64(51.23), 'acc': 50.05, 'ndev': 1101, 'ntest': 2210}","{'devacc': np.float64(88.96), 'acc': 94.4, 'ndev': 5452, 'ntest': 500}","{'devacc': np.float64(70.71), 'acc': 63.19, 'f1': 72.28, 'ndev': 4076, 'ntest': 1725}"
microsoft/deberta-v3-base,cls_sumall,0,"{'devacc': np.float64(72.68), 'acc': np.float64(73.23), 'ndev': 10662, 'ntest': 10662}","{'devacc': np.float64(63.87), 'acc': np.float64(63.76), 'ndev': 3775, 'ntest': 3775}","{'devacc': np.float64(80.39), 'acc': np.float64(75.32), 'ndev': 10000, 'ntest': 10000}","{'devacc': np.float64(72.28), 'acc': np.float64(73.01), 'ndev': 10606, 'ntest': 10606}","{'devacc': np.float64(83.72), 'acc': 86.55, 'ndev': 872, 'ntest': 1821}","{'devacc': np.float64(37.24), 'acc': 38.82, 'ndev': 1101, 'ntest': 2210}","{'devacc': np.float64(35.27), 'acc': 44.4, 'ndev': 5452, 'ntest': 500}","{'devacc': np.float64(67.86), 'acc': 66.49, 'f1': 79.87, 'ndev': 4076, 'ntest': 1725}"
microsoft/deberta-v3-base,mean_sumall,0,"{'devacc': np.float64(86.05), 'acc': np.float64(85.89), 'ndev': 10662, 'ntest': 10662}","{'devacc': np.float64(89.11), 'acc': np.float64(87.44), 'ndev': 3775, 'ntest': 3775}","{'devacc': np.float64(95.59), 'acc': np.float64(95.38), 'ndev': 10000, 'ntest': 10000}","{'devacc': np.float64(90.97), 'acc': np.float64(90.9), 'ndev': 10606, 'ntest': 10606}","{'devacc': np.float64(90.94), 'acc': 91.49, 'ndev': 872, 'ntest': 1821}","{'devacc': np.float64(48.77), 'acc': 50.9, 'ndev': 1101, 'ntest': 2210}","{'devacc': np.float64(87.93), 'acc': 93.2, 'ndev': 5452, 'ntest': 500}","{'devacc': np.float64(71.79), 'acc': 70.32, 'f1': 76.92, 'ndev': 4076, 'ntest': 1725}"
microsoft/deberta-v3-base,mean_exclude_cls_sep_sumall,0,"{'devacc': np.float64(86.11), 'acc': np.float64(85.49), 'ndev': 10662, 'ntest': 10662}","{'devacc': np.float64(88.97), 'acc': np.float64(87.04), 'ndev': 3775, 'ntest': 3775}","{'devacc': np.float64(95.58), 'acc': np.float64(95.21), 'ndev': 10000, 'ntest': 10000}","{'devacc': np.float64(90.36), 'acc': np.float64(89.71), 'ndev': 10606, 'ntest': 10606}","{'devacc': np.float64(91.51), 'acc': 91.38, 'ndev': 872, 'ntest': 1821}","{'devacc': np.float64(49.23), 'acc': 49.95, 'ndev': 1101, 'ntest': 2210}","{'devacc': np.float64(87.64), 'acc': 94.0, 'ndev': 5452, 'ntest': 500}","{'devacc': np.float64(71.59), 'acc': 69.51, 'f1': 75.96, 'ndev': 4076, 'ntest': 1725}"
microsoft/deberta-v3-base,concat_cls_with_mean_sumall,0,"{'devacc': np.float64(86.45), 'acc': np.float64(86.05), 'ndev': 10662, 'ntest': 10662}","{'devacc': np.float64(90.14), 'acc': np.float64(88.34), 'ndev': 3775, 'ntest': 3775}","{'devacc': np.float64(95.91), 'acc': np.float64(95.61), 'ndev': 10000, 'ntest': 10000}","{'devacc': np.float64(90.85), 'acc': np.float64(89.94), 'ndev': 10606, 'ntest': 10606}","{'devacc': np.float64(91.17), 'acc': 91.6, 'ndev': 872, 'ntest': 1821}","{'devacc': np.float64(50.32), 'acc': 51.4, 'ndev': 1101, 'ntest': 2210}","{'devacc': np.float64(87.62), 'acc': 95.4, 'ndev': 5452, 'ntest': 500}","{'devacc': np.float64(69.31), 'acc': 68.75, 'f1': 80.69, 'ndev': 4076, 'ntest': 1725}"
microsoft/deberta-v3-base,concat_cls_with_mean_exclude_cls_sep_sumall,0,"{'devacc': np.float64(86.35), 'acc': np.float64(85.71), 'ndev': 10662, 'ntest': 10662}","{'devacc': np.float64(90.24), 'acc': np.float64(88.71), 'ndev': 3775, 'ntest': 3775}","{'devacc': np.float64(95.93), 'acc': np.float64(95.35), 'ndev': 10000, 'ntest': 10000}","{'devacc': np.float64(90.36), 'acc': np.float64(90.35), 'ndev': 10606, 'ntest': 10606}","{'devacc': np.float64(91.28), 'acc': 92.15, 'ndev': 872, 'ntest': 1821}","{'devacc': np.float64(50.23), 'acc': 50.63, 'ndev': 1101, 'ntest': 2210}","{'devacc': np.float64(87.66), 'acc': 93.8, 'ndev': 5452, 'ntest': 500}","{'devacc': np.float64(69.97), 'acc': 69.45, 'f1': 76.65, 'ndev': 4076, 'ntest': 1725}"
microsoft/deberta-v3-base,concat_mean_3_tokens_sumall,0,"{'devacc': np.float64(85.93), 'acc': np.float64(85.97), 'ndev': 10662, 'ntest': 10662}","{'devacc': np.float64(89.54), 'acc': np.float64(88.66), 'ndev': 3775, 'ntest': 3775}","{'devacc': np.float64(95.79), 'acc': np.float64(95.43), 'ndev': 10000, 'ntest': 10000}","{'devacc': np.float64(90.23), 'acc': np.float64(89.71), 'ndev': 10606, 'ntest': 10606}","{'devacc': np.float64(89.79), 'acc': 89.9, 'ndev': 872, 'ntest': 1821}","{'devacc': np.float64(50.23), 'acc': 48.87, 'ndev': 1101, 'ntest': 2210}","{'devacc': np.float64(90.06), 'acc': 81.4, 'ndev': 5452, 'ntest': 500}","{'devacc': np.float64(69.65), 'acc': 65.57, 'f1': 73.72, 'ndev': 4076, 'ntest': 1725}"
microsoft/deberta-v3-base,concat_mean_3_tokens_exclude_cls_and_sep_sumall,0,"{'devacc': np.float64(85.83), 'acc': np.float64(85.6), 'ndev': 10662, 'ntest': 10662}","{'devacc': np.float64(89.67), 'acc': np.float64(88.13), 'ndev': 3775, 'ntest': 3775}","{'devacc': np.float64(95.74), 'acc': np.float64(95.05), 'ndev': 10000, 'ntest': 10000}","{'devacc': np.float64(68.77), 'acc': np.float64(68.77), 'ndev': 10606, 'ntest': 10606}","{'devacc': np.float64(90.02), 'acc': 89.84, 'ndev': 872, 'ntest': 1821}","{'devacc': np.float64(49.14), 'acc': 47.6, 'ndev': 1101, 'ntest': 2210}","{'devacc': np.float64(89.87), 'acc': 92.6, 'ndev': 5452, 'ntest': 500}","{'devacc': np.float64(70.07), 'acc': 68.12, 'f1': 77.75, 'ndev': 4076, 'ntest': 1725}"
microsoft/deberta-v3-base,concat_mean_5_tokens_sumall,0,"{'devacc': np.float64(85.3), 'acc': np.float64(85.28), 'ndev': 10662, 'ntest': 10662}","{'devacc': np.float64(88.71), 'acc': np.float64(87.89), 'ndev': 3775, 'ntest': 3775}","{'devacc': np.float64(95.55), 'acc': np.float64(95.49), 'ndev': 10000, 'ntest': 10000}","{'devacc': np.float64(68.77), 'acc': np.float64(68.77), 'ndev': 10606, 'ntest': 10606}","{'devacc': np.float64(89.91), 'acc': 89.07, 'ndev': 872, 'ntest': 1821}","{'devacc': np.float64(48.96), 'acc': 48.01, 'ndev': 1101, 'ntest': 2210}","{'devacc': np.float64(89.99), 'acc': 76.2, 'ndev': 5452, 'ntest': 500}","{'devacc': np.float64(69.6), 'acc': 66.2, 'f1': 75.47, 'ndev': 4076, 'ntest': 1725}"
microsoft/deberta-v3-base,concat_mean_5_tokens_exclude_cls_and_sep_sumall,0,"{'devacc': np.float64(85.09), 'acc': np.float64(84.43), 'ndev': 10662, 'ntest': 10662}","{'devacc': np.float64(88.72), 'acc': np.float64(87.44), 'ndev': 3775, 'ntest': 3775}","{'devacc': np.float64(95.49), 'acc': np.float64(95.01), 'ndev': 10000, 'ntest': 10000}","{'devacc': np.float64(68.77), 'acc': np.float64(68.77), 'ndev': 10606, 'ntest': 10606}","{'devacc': np.float64(49.08), 'acc': 50.08, 'ndev': 872, 'ntest': 1821}","{'devacc': np.float64(47.96), 'acc': 47.69, 'ndev': 1101, 'ntest': 2210}","{'devacc': np.float64(89.69), 'acc': 92.2, 'ndev': 5452, 'ntest': 500}","{'devacc': np.float64(69.04), 'acc': 68.35, 'f1': 79.72, 'ndev': 4076, 'ntest': 1725}"
